/*C2*/SET SCHEMA PUBLIC
DROP VIEW trace_log IF EXISTS CASCADE
DROP VIEW histograms_log IF EXISTS CASCADE
DROP VIEW datasets_log IF EXISTS CASCADE
DROP VIEW statistics_log IF EXISTS CASCADE
DROP VIEW agent_type_statechart_stats_log IF EXISTS CASCADE
DROP VIEW agent_statechart_stats_log IF EXISTS CASCADE
DROP VIEW agent_statechart_states_log IF EXISTS CASCADE
DROP VIEW statechart_transitions_log IF EXISTS CASCADE
DROP VIEW fluid_utilization_log IF EXISTS CASCADE
DROP VIEW fluid_rates_log IF EXISTS CASCADE
DROP VIEW fluid_storages_log IF EXISTS CASCADE
DROP VIEW fluid_units_log IF EXISTS CASCADE
DROP VIEW resource_unit_utilization_log IF EXISTS CASCADE
DROP VIEW resource_pool_utilization_log IF EXISTS CASCADE
DROP VIEW resource_pool_task_stats_log IF EXISTS CASCADE
DROP VIEW resource_unit_task_stats_log IF EXISTS CASCADE
DROP VIEW resource_unit_states_log IF EXISTS CASCADE
DROP VIEW flowchart_stats_time_in_state_log IF EXISTS CASCADE
DROP VIEW flowchart_process_states_log IF EXISTS CASCADE
DROP VIEW flowchart_entries_log IF EXISTS CASCADE
DROP VIEW events_log IF EXISTS CASCADE
DROP VIEW agent_messages_log IF EXISTS CASCADE
DROP VIEW agent_movement_stats_log IF EXISTS CASCADE
DROP VIEW agent_movement_log IF EXISTS CASCADE
DROP VIEW library_block_parameters_log IF EXISTS CASCADE
DROP VIEW agent_parameters_log IF EXISTS CASCADE
DROP VIEW library_blocks_log IF EXISTS CASCADE
DROP VIEW agents_log IF EXISTS CASCADE
DROP TABLE fluid_utilization_raw_log IF EXISTS CASCADE
DROP TABLE fluid_rates_raw_log IF EXISTS CASCADE
DROP TABLE fluid_storages_raw_log IF EXISTS CASCADE
DROP TABLE fluid_units_raw_log IF EXISTS CASCADE
DROP TABLE resource_unit_utilization_raw_log IF EXISTS CASCADE
DROP TABLE resource_pool_utilization_raw_log IF EXISTS CASCADE
DROP TABLE resource_unit_states_raw_log IF EXISTS CASCADE
DROP TABLE histograms_raw_log IF EXISTS CASCADE
DROP TABLE datasets_raw_log IF EXISTS CASCADE
DROP TABLE statistics_raw_log IF EXISTS CASCADE
DROP TABLE flowchart_process_states_raw_log IF EXISTS CASCADE
DROP TABLE flowchart_entries_raw_log IF EXISTS CASCADE
DROP TABLE agent_messages_raw_log IF EXISTS CASCADE
DROP TABLE agent_movement_raw_log IF EXISTS CASCADE
DROP TABLE events_raw_log IF EXISTS CASCADE
DROP TABLE statechart_transitions_raw_log IF EXISTS CASCADE
DROP TABLE statechart_states_raw_log IF EXISTS CASCADE
DROP TABLE trace_raw_log IF EXISTS CASCADE
DROP TABLE agent_elements_raw_log IF EXISTS CASCADE
DROP TABLE agent_type_statecharts_raw_log IF EXISTS CASCADE
DROP TABLE agent_type_elements_raw_log IF EXISTS CASCADE
DROP TABLE agent_parameters_raw_log IF EXISTS CASCADE
DROP TABLE destroyed_agents_raw_log IF EXISTS CASCADE
DROP TABLE agents_raw_log IF EXISTS CASCADE
DROP TABLE agent_types_raw_log IF EXISTS CASCADE
DROP FUNCTION al_format_agent_name_log IF EXISTS CASCADE
DROP FUNCTION al_format_agent_type_name_log IF EXISTS CASCADE
DELETE FROM AL_DB_OBJECTS WHERE NAME='al_format_agent_type_name_log' AND TYPE='FUNCTION' AND USAGE='LOG'
DELETE FROM AL_DB_OBJECTS WHERE NAME='al_format_agent_name_log' AND TYPE='FUNCTION' AND USAGE='LOG'
DELETE FROM AL_DB_OBJECTS WHERE NAME='agent_types_raw_log' AND TYPE='TABLE' AND USAGE='LOG'
DELETE FROM AL_DB_OBJECTS WHERE NAME='agents_raw_log' AND TYPE='TABLE' AND USAGE='LOG'
DELETE FROM AL_DB_OBJECTS WHERE NAME='destroyed_agents_raw_log' AND TYPE='TABLE' AND USAGE='LOG'
DELETE FROM AL_DB_OBJECTS WHERE NAME='agent_parameters_raw_log' AND TYPE='TABLE' AND USAGE='LOG'
DELETE FROM AL_DB_OBJECTS WHERE NAME='agent_type_elements_raw_log' AND TYPE='TABLE' AND USAGE='LOG'
DELETE FROM AL_DB_OBJECTS WHERE NAME='agent_type_statecharts_raw_log' AND TYPE='TABLE' AND USAGE='LOG'
DELETE FROM AL_DB_OBJECTS WHERE NAME='agent_elements_raw_log' AND TYPE='TABLE' AND USAGE='LOG'
DELETE FROM AL_DB_OBJECTS WHERE NAME='trace_raw_log' AND TYPE='TABLE' AND USAGE='LOG'
DELETE FROM AL_DB_OBJECTS WHERE NAME='statechart_states_raw_log' AND TYPE='TABLE' AND USAGE='LOG'
DELETE FROM AL_DB_OBJECTS WHERE NAME='statechart_transitions_raw_log' AND TYPE='TABLE' AND USAGE='LOG'
DELETE FROM AL_DB_OBJECTS WHERE NAME='events_raw_log' AND TYPE='TABLE' AND USAGE='LOG'
DELETE FROM AL_DB_OBJECTS WHERE NAME='agent_movement_raw_log' AND TYPE='TABLE' AND USAGE='LOG'
DELETE FROM AL_DB_OBJECTS WHERE NAME='agent_messages_raw_log' AND TYPE='TABLE' AND USAGE='LOG'
DELETE FROM AL_DB_OBJECTS WHERE NAME='flowchart_entries_raw_log' AND TYPE='TABLE' AND USAGE='LOG'
DELETE FROM AL_DB_OBJECTS WHERE NAME='flowchart_process_states_raw_log' AND TYPE='TABLE' AND USAGE='LOG'
DELETE FROM AL_DB_OBJECTS WHERE NAME='statistics_raw_log' AND TYPE='TABLE' AND USAGE='LOG'
DELETE FROM AL_DB_OBJECTS WHERE NAME='datasets_raw_log' AND TYPE='TABLE' AND USAGE='LOG'
DELETE FROM AL_DB_OBJECTS WHERE NAME='histograms_raw_log' AND TYPE='TABLE' AND USAGE='LOG'
DELETE FROM AL_DB_OBJECTS WHERE NAME='resource_unit_states_raw_log' AND TYPE='TABLE' AND USAGE='LOG'
DELETE FROM AL_DB_OBJECTS WHERE NAME='resource_pool_utilization_raw_log' AND TYPE='TABLE' AND USAGE='LOG'
DELETE FROM AL_DB_OBJECTS WHERE NAME='resource_unit_utilization_raw_log' AND TYPE='TABLE' AND USAGE='LOG'
DELETE FROM AL_DB_OBJECTS WHERE NAME='fluid_units_raw_log' AND TYPE='TABLE' AND USAGE='LOG'
DELETE FROM AL_DB_OBJECTS WHERE NAME='fluid_storages_raw_log' AND TYPE='TABLE' AND USAGE='LOG'
DELETE FROM AL_DB_OBJECTS WHERE NAME='fluid_rates_raw_log' AND TYPE='TABLE' AND USAGE='LOG'
DELETE FROM AL_DB_OBJECTS WHERE NAME='fluid_utilization_raw_log' AND TYPE='TABLE' AND USAGE='LOG'
DELETE FROM AL_DB_OBJECTS WHERE NAME='agents_log' AND TYPE='VIEW' AND USAGE='LOG'
DELETE FROM AL_DB_OBJECTS WHERE NAME='library_blocks_log' AND TYPE='VIEW' AND USAGE='LOG'
DELETE FROM AL_DB_OBJECTS WHERE NAME='agent_parameters_log' AND TYPE='VIEW' AND USAGE='LOG'
DELETE FROM AL_DB_OBJECTS WHERE NAME='library_block_parameters_log' AND TYPE='VIEW' AND USAGE='LOG'
DELETE FROM AL_DB_OBJECTS WHERE NAME='agent_movement_log' AND TYPE='VIEW' AND USAGE='LOG'
DELETE FROM AL_DB_OBJECTS WHERE NAME='agent_movement_stats_log' AND TYPE='VIEW' AND USAGE='LOG'
DELETE FROM AL_DB_OBJECTS WHERE NAME='agent_messages_log' AND TYPE='VIEW' AND USAGE='LOG'
DELETE FROM AL_DB_OBJECTS WHERE NAME='events_log' AND TYPE='VIEW' AND USAGE='LOG'
DELETE FROM AL_DB_OBJECTS WHERE NAME='flowchart_entries_log' AND TYPE='VIEW' AND USAGE='LOG'
DELETE FROM AL_DB_OBJECTS WHERE NAME='flowchart_process_states_log' AND TYPE='VIEW' AND USAGE='LOG'
DELETE FROM AL_DB_OBJECTS WHERE NAME='flowchart_stats_time_in_state_log' AND TYPE='VIEW' AND USAGE='LOG'
DELETE FROM AL_DB_OBJECTS WHERE NAME='resource_unit_states_log' AND TYPE='VIEW' AND USAGE='LOG'
DELETE FROM AL_DB_OBJECTS WHERE NAME='resource_unit_task_stats_log' AND TYPE='VIEW' AND USAGE='LOG'
DELETE FROM AL_DB_OBJECTS WHERE NAME='resource_pool_task_stats_log' AND TYPE='VIEW' AND USAGE='LOG'
DELETE FROM AL_DB_OBJECTS WHERE NAME='resource_pool_utilization_log' AND TYPE='VIEW' AND USAGE='LOG'
DELETE FROM AL_DB_OBJECTS WHERE NAME='resource_unit_utilization_log' AND TYPE='VIEW' AND USAGE='LOG'
DELETE FROM AL_DB_OBJECTS WHERE NAME='fluid_units_log' AND TYPE='VIEW' AND USAGE='LOG'
DELETE FROM AL_DB_OBJECTS WHERE NAME='fluid_storages_log' AND TYPE='VIEW' AND USAGE='LOG'
DELETE FROM AL_DB_OBJECTS WHERE NAME='fluid_rates_log' AND TYPE='VIEW' AND USAGE='LOG'
DELETE FROM AL_DB_OBJECTS WHERE NAME='fluid_utilization_log' AND TYPE='VIEW' AND USAGE='LOG'
DELETE FROM AL_DB_OBJECTS WHERE NAME='statechart_transitions_log' AND TYPE='VIEW' AND USAGE='LOG'
DELETE FROM AL_DB_OBJECTS WHERE NAME='agent_statechart_states_log' AND TYPE='VIEW' AND USAGE='LOG'
DELETE FROM AL_DB_OBJECTS WHERE NAME='agent_statechart_stats_log' AND TYPE='VIEW' AND USAGE='LOG'
DELETE FROM AL_DB_OBJECTS WHERE NAME='agent_type_statechart_stats_log' AND TYPE='VIEW' AND USAGE='LOG'
DELETE FROM AL_DB_OBJECTS WHERE NAME='statistics_log' AND TYPE='VIEW' AND USAGE='LOG'
DELETE FROM AL_DB_OBJECTS WHERE NAME='datasets_log' AND TYPE='VIEW' AND USAGE='LOG'
DELETE FROM AL_DB_OBJECTS WHERE NAME='histograms_log' AND TYPE='VIEW' AND USAGE='LOG'
DELETE FROM AL_DB_OBJECTS WHERE NAME='trace_log' AND TYPE='VIEW' AND USAGE='LOG'
COMMIT
CREATE FUNCTION al_format_agent_type_name_log (agentType LONGVARCHAR) RETURNS LONGVARCHAR\u000aBEGIN ATOMIC\u000a\u0009DECLARE dotIndex INT;\u000a\u0009SET dotIndex = LOCATE ('.', REVERSE (agentType));\u000a\u0009IF dotIndex = 0 THEN\u000a\u0009\u0009RETURN agentType;\u000a\u0009END IF;\u000a\u0009RETURN REVERSE (SUBSTRING (REVERSE (agentType), 0, dotIndex));\u000aEND
INSERT INTO AL_DB_OBJECTS VALUES('al_format_agent_type_name_log','FUNCTION','LOG')
COMMIT
CREATE FUNCTION al_format_agent_name_log (name LONGVARCHAR, id INT) RETURNS LONGVARCHAR\u000aBEGIN ATOMIC\u000a\u0009DECLARE index INT;\u000a\u0009DECLARE result LONGVARCHAR;\u000a\u0009SET result = name;\u000a\u0009SET index = LOCATE ('root.', name);\u000a\u0009IF index = 1 THEN\u000a\u0009\u0009SET result = SUBSTRING (result, LENGTH('root.') + 1, LENGTH(result));\u000a\u0009END IF;\u000a\u0009SET index = LOCATE('[', result);\u0009IF index > 0 THEN\u000a\u0009\u0009SET result = CONCAT (result, ' : ', id);\u000a\u0009END IF;\u000a\u0009RETURN result;\u000aEND
INSERT INTO AL_DB_OBJECTS VALUES('al_format_agent_name_log','FUNCTION','LOG')
COMMIT
CREATE CACHED TABLE IF NOT EXISTS agent_types_raw_log (ID INT PRIMARY KEY, NAME VARCHAR(255), COUNTER INT GENERATED BY DEFAULT AS IDENTITY UNIQUE)
INSERT INTO AL_DB_OBJECTS VALUES('agent_types_raw_log','TABLE','LOG')
COMMIT
CREATE CACHED TABLE IF NOT EXISTS agents_raw_log (ID INT PRIMARY KEY, AGENT_TYPE_ID INT, NAME VARCHAR(255), DATE TIMESTAMP, COUNTER INT GENERATED BY DEFAULT AS IDENTITY UNIQUE,  CONSTRAINT AGENT_TYPE_REF FOREIGN KEY (AGENT_TYPE_ID) REFERENCES agent_types_raw_log(Id))
INSERT INTO AL_DB_OBJECTS VALUES('agents_raw_log','TABLE','LOG')
COMMIT
CREATE CACHED TABLE IF NOT EXISTS destroyed_agents_raw_log (AGENT_ID INT, DATE TIMESTAMP, COUNTER INT GENERATED BY DEFAULT AS IDENTITY UNIQUE,  CONSTRAINT DESTROYED_AGENT_REF FOREIGN KEY (AGENT_ID) REFERENCES agents_raw_log(Id) )
INSERT INTO AL_DB_OBJECTS VALUES('destroyed_agents_raw_log','TABLE','LOG')
COMMIT
CREATE CACHED TABLE IF NOT EXISTS agent_parameters_raw_log (AGENT_ID INT, PARAMETER_NAME VARCHAR(255), PARAMETER_VALUE LONGVARCHAR, COUNTER INT GENERATED BY DEFAULT AS IDENTITY UNIQUE, CONSTRAINT AGENT_PARAMETERS_AGENT_REF FOREIGN KEY (AGENT_ID) REFERENCES agents_raw_log(Id) )
INSERT INTO AL_DB_OBJECTS VALUES('agent_parameters_raw_log','TABLE','LOG')
COMMIT
CREATE CACHED TABLE IF NOT EXISTS agent_type_elements_raw_log (ID INT PRIMARY KEY, AGENT_TYPE_ID INT, NAME VARCHAR(255), COUNTER INT GENERATED BY DEFAULT AS IDENTITY UNIQUE, CONSTRAINT ELEMENT_TO_AGENT_TYPE_REF FOREIGN KEY (AGENT_TYPE_ID) REFERENCES agent_types_raw_log(Id))
INSERT INTO AL_DB_OBJECTS VALUES('agent_type_elements_raw_log','TABLE','LOG')
COMMIT
CREATE CACHED TABLE IF NOT EXISTS agent_type_statecharts_raw_log (STATECHART_ID INT, ELEMENT_ID INT, COUNTER INT GENERATED BY DEFAULT AS IDENTITY UNIQUE, CONSTRAINT STATECHARTS_STATECHART_TO_ELEMENT_REF FOREIGN KEY (STATECHART_ID) REFERENCES agent_type_elements_raw_log(Id),CONSTRAINT STATECHARTS_ELEMENT_TO_ELEMENT_REF FOREIGN KEY (ELEMENT_ID) REFERENCES agent_type_elements_raw_log(Id))
INSERT INTO AL_DB_OBJECTS VALUES('agent_type_statecharts_raw_log','TABLE','LOG')
COMMIT
CREATE CACHED TABLE IF NOT EXISTS agent_elements_raw_log (ID INT PRIMARY KEY, AGENT_ID INT, NAME VARCHAR(255), COUNTER INT GENERATED BY DEFAULT AS IDENTITY UNIQUE, CONSTRAINT ELEMENT_TO_AGENT_REF FOREIGN KEY (AGENT_ID) REFERENCES agents_raw_log(Id))
INSERT INTO AL_DB_OBJECTS VALUES('agent_elements_raw_log','TABLE','LOG')
COMMIT
CREATE CACHED TABLE IF NOT EXISTS trace_raw_log (COUNTER INT GENERATED BY DEFAULT AS IDENTITY UNIQUE,  AGENT_ID INT, DATE TIMESTAMP, MESSAGE_TEXT LONGVARCHAR, CONSTRAINT TRACE_LOG_AGENT_REF FOREIGN KEY (AGENT_ID) REFERENCES agents_raw_log(Id))
INSERT INTO AL_DB_OBJECTS VALUES('trace_raw_log','TABLE','LOG')
COMMIT
CREATE CACHED TABLE IF NOT EXISTS statechart_states_raw_log (AGENT_ID INT, STATE_ID INT, ENTRY_DATE TIMESTAMP, EXIT_DATE TIMESTAMP, COUNTER INT GENERATED BY DEFAULT AS IDENTITY UNIQUE, CONSTRAINT STATECHART_STATES_AGENT_REF FOREIGN KEY (AGENT_ID) REFERENCES agents_raw_log(ID),CONSTRAINT STATECHART_STATES_STATE_REF FOREIGN KEY (STATE_ID) REFERENCES agent_type_elements_raw_log(ID))
INSERT INTO AL_DB_OBJECTS VALUES('statechart_states_raw_log','TABLE','LOG')
COMMIT
CREATE CACHED TABLE IF NOT EXISTS statechart_transitions_raw_log (AGENT_ID INT, TRANSITION_ID INT, FROM_STATE_ID INT, DATE TIMESTAMP, COUNTER INT GENERATED BY DEFAULT AS IDENTITY UNIQUE, CONSTRAINT STATECHART_AGENT_REF FOREIGN KEY (AGENT_ID) REFERENCES agents_raw_log(ID),CONSTRAINT TRANSITION_REF FOREIGN KEY (TRANSITION_ID) REFERENCES agent_type_elements_raw_log(ID),CONSTRAINT FROM_STATE_REF FOREIGN KEY (FROM_STATE_ID) REFERENCES agent_type_elements_raw_log(ID))
INSERT INTO AL_DB_OBJECTS VALUES('statechart_transitions_raw_log','TABLE','LOG')
COMMIT
CREATE CACHED TABLE IF NOT EXISTS events_raw_log (EVENT_ID INT, DATE TIMESTAMP, COUNTER INT GENERATED BY DEFAULT AS IDENTITY UNIQUE, CONSTRAINT EVENT_REF FOREIGN KEY (EVENT_ID) REFERENCES agent_type_elements_raw_log(ID))
INSERT INTO AL_DB_OBJECTS VALUES('events_raw_log','TABLE','LOG')
COMMIT
CREATE CACHED TABLE IF NOT EXISTS agent_movement_raw_log (AGENT_ID INT, SPEED FLOAT, START_DATE TIMESTAMP, STOP_DATE TIMESTAMP, COUNTER INT GENERATED BY DEFAULT AS IDENTITY UNIQUE, CONSTRAINT MOVEMENT_AGENT_REF FOREIGN KEY (AGENT_ID) REFERENCES agents_raw_log(ID))
INSERT INTO AL_DB_OBJECTS VALUES('agent_movement_raw_log','TABLE','LOG')
COMMIT
CREATE CACHED TABLE IF NOT EXISTS agent_messages_raw_log (AGENT_ID INT, SENDER_ID INT, MESSAGE LONGVARCHAR, DATE TIMESTAMP, COUNTER INT GENERATED BY DEFAULT AS IDENTITY UNIQUE,  CONSTRAINT MESSAGES_AGENT_REF FOREIGN KEY (AGENT_ID) REFERENCES agents_raw_log(ID),CONSTRAINT MESSAGES_SENDER_AGENT_REF FOREIGN KEY (SENDER_ID) REFERENCES agents_raw_log(ID))
INSERT INTO AL_DB_OBJECTS VALUES('agent_messages_raw_log','TABLE','LOG')
COMMIT
CREATE CACHED TABLE IF NOT EXISTS flowchart_entries_raw_log (COUNTER INT GENERATED BY DEFAULT AS IDENTITY UNIQUE,  AGENT_ID INT, BLOCK_ID INT, ENTRY_DATE TIMESTAMP, CONSTRAINT FLOWCHART_ENTRIES_ENTITY_AGENT_REF FOREIGN KEY (AGENT_ID) REFERENCES agents_raw_log(ID),CONSTRAINT FLOWCHART_ENTRIES_BLOCK_AGENT_REF FOREIGN KEY (BLOCK_ID) REFERENCES agents_raw_log(ID))
INSERT INTO AL_DB_OBJECTS VALUES('flowchart_entries_raw_log','TABLE','LOG')
COMMIT
CREATE CACHED TABLE IF NOT EXISTS flowchart_process_states_raw_log (AGENT_ID INT, BLOCK_ID INT, ACTIVITY_TYPE VARCHAR(20), START_DATE TIMESTAMP, STOP_DATE TIMESTAMP,  COUNTER INT GENERATED BY DEFAULT AS IDENTITY UNIQUE, CONSTRAINT FLOWCHART_PROCESS_STATES_ENTITY_AGENT_REF FOREIGN KEY (AGENT_ID) REFERENCES agents_raw_log(ID),CONSTRAINT FLOWCHART_PROCESS_STATES_BLOCK_AGENT_REF FOREIGN KEY (BLOCK_ID) REFERENCES agents_raw_log(ID))
INSERT INTO AL_DB_OBJECTS VALUES('flowchart_process_states_raw_log','TABLE','LOG')
COMMIT
CREATE CACHED TABLE IF NOT EXISTS statistics_raw_log (AGENT_ID INT, NAME VARCHAR(255), MEAN FLOAT, DEVIATION FLOAT, MINIMUM FLOAT, MAXIMUM FLOAT, MEAN_CONFIDENCE FLOAT, NUMBER INT, COUNTER INT GENERATED BY DEFAULT AS IDENTITY UNIQUE, CONSTRAINT STATISTICS_AGENT_REF FOREIGN KEY (AGENT_ID) REFERENCES agents_raw_log(ID))
INSERT INTO AL_DB_OBJECTS VALUES('statistics_raw_log','TABLE','LOG')
COMMIT
CREATE CACHED TABLE IF NOT EXISTS datasets_raw_log (ELEMENT_ID INT, INDEX INT, X FLOAT, Y FLOAT, COUNTER INT GENERATED BY DEFAULT AS IDENTITY UNIQUE, CONSTRAINT DATASETS_ELEMENT_REF FOREIGN KEY (ELEMENT_ID) REFERENCES agent_elements_raw_log(ID))
INSERT INTO AL_DB_OBJECTS VALUES('datasets_raw_log','TABLE','LOG')
COMMIT
CREATE CACHED TABLE IF NOT EXISTS histograms_raw_log (ELEMENT_ID INT, START FLOAT, END FLOAT, PDF FLOAT, CDF FLOAT, COUNTER INT GENERATED BY DEFAULT AS IDENTITY UNIQUE, CONSTRAINT HISTOGRAMS_ELEMENT_REF FOREIGN KEY (ELEMENT_ID) REFERENCES agent_elements_raw_log(ID))
INSERT INTO AL_DB_OBJECTS VALUES('histograms_raw_log','TABLE','LOG')
COMMIT
CREATE CACHED TABLE IF NOT EXISTS resource_unit_states_raw_log (UNIT_ID INT, POOL_ID INT, USAGE_STATE VARCHAR(20), TASK_TYPE VARCHAR(20), AGENT_ID INT, TASK_ID INT, START_DATE TIMESTAMP, STOP_DATE TIMESTAMP, COUNTER INT GENERATED BY DEFAULT AS IDENTITY UNIQUE, CONSTRAINT RESOURCE_UNIT_STATES_UNIT_AGENT_REF FOREIGN KEY (UNIT_ID) REFERENCES agents_raw_log(ID),CONSTRAINT RESOURCE_UNIT_STATES_POOL_AGENT_REF FOREIGN KEY (POOL_ID) REFERENCES agents_raw_log(ID),CONSTRAINT RESOURCE_UNIT_STATES_AGENT_AGENT_REF FOREIGN KEY (AGENT_ID) REFERENCES agents_raw_log(ID),CONSTRAINT RESOURCE_UNIT_STATES_TASK_AGENT_REF FOREIGN KEY (TASK_ID) REFERENCES agents_raw_log(ID))
INSERT INTO AL_DB_OBJECTS VALUES('resource_unit_states_raw_log','TABLE','LOG')
COMMIT
CREATE CACHED TABLE IF NOT EXISTS resource_pool_utilization_raw_log (POOL_ID INT, UTILIZATION FLOAT, SIZE INT, COUNTER INT GENERATED BY DEFAULT AS IDENTITY UNIQUE, CONSTRAINT RESOURCE_POOL_UTILIZATION_POOL_AGENT_REF FOREIGN KEY (POOL_ID) REFERENCES agents_raw_log(ID))
INSERT INTO AL_DB_OBJECTS VALUES('resource_pool_utilization_raw_log','TABLE','LOG')
COMMIT
CREATE CACHED TABLE IF NOT EXISTS resource_unit_utilization_raw_log (UNIT_ID INT, POOL_ID INT, UTILIZATION FLOAT, COUNTER INT GENERATED BY DEFAULT AS IDENTITY UNIQUE, CONSTRAINT RESOURCE_UNIT_UTILIZATION_UNIT_AGENT_REF FOREIGN KEY (UNIT_ID) REFERENCES agents_raw_log(ID),CONSTRAINT RESOURCE_UNIT_UTILIZATION_POOL_AGENT_REF FOREIGN KEY (POOL_ID) REFERENCES agents_raw_log(ID))
INSERT INTO AL_DB_OBJECTS VALUES('resource_unit_utilization_raw_log','TABLE','LOG')
COMMIT
CREATE CACHED TABLE IF NOT EXISTS fluid_units_raw_log (BLOCK_ID INT, AMOUNT_UNITS VARCHAR(20), RATE_UNITS VARCHAR(20), COUNTER INT GENERATED BY DEFAULT AS IDENTITY UNIQUE, CONSTRAINT FLUID_UNITS_BLOCK_AGENT_REF FOREIGN KEY (BLOCK_ID) REFERENCES agents_raw_log(ID))
INSERT INTO AL_DB_OBJECTS VALUES('fluid_units_raw_log','TABLE','LOG')
COMMIT
CREATE CACHED TABLE IF NOT EXISTS fluid_storages_raw_log (BLOCK_ID INT, MINIMUM FLOAT, MAXIMUM FLOAT, AVERAGE FLOAT, COUNTER INT GENERATED BY DEFAULT AS IDENTITY UNIQUE, CONSTRAINT FLUID_STORAGES_BLOCK_AGENT_REF FOREIGN KEY (BLOCK_ID) REFERENCES agents_raw_log(ID))
INSERT INTO AL_DB_OBJECTS VALUES('fluid_storages_raw_log','TABLE','LOG')
COMMIT
CREATE CACHED TABLE IF NOT EXISTS fluid_rates_raw_log (BLOCK_ID INT, PORT VARCHAR(20), TOTAL FLOAT, MINIMUM FLOAT, MAXIMUM FLOAT, AVERAGE FLOAT, COUNTER INT GENERATED BY DEFAULT AS IDENTITY UNIQUE, CONSTRAINT FLUID_RATES_BLOCK_AGENT_REF FOREIGN KEY (BLOCK_ID) REFERENCES agents_raw_log(ID))
INSERT INTO AL_DB_OBJECTS VALUES('fluid_rates_raw_log','TABLE','LOG')
COMMIT
CREATE CACHED TABLE IF NOT EXISTS fluid_utilization_raw_log (BLOCK_ID INT, UTILIZATION FLOAT, COUNTER INT GENERATED BY DEFAULT AS IDENTITY UNIQUE, CONSTRAINT FLUID_UTILIZATION_BLOCK_AGENT_REF FOREIGN KEY (BLOCK_ID) REFERENCES agents_raw_log(ID))
INSERT INTO AL_DB_OBJECTS VALUES('fluid_utilization_raw_log','TABLE','LOG')
COMMIT
CREATE VIEW agents_log AS SELECT al_format_agent_type_name_log(agent_types.NAME) type, al_format_agent_name_log(agents.NAME, agents.ID) name, agents.DATE BirthDate, destroyed_agents.DATE DeathDate FROM agent_types_raw_log agent_types INNER JOIN agents_raw_log agents ON agent_types.ID = agents.AGENT_TYPE_ID LEFT JOIN destroyed_agents_raw_log destroyed_agents ON agents.ID = destroyed_agents.AGENT_ID WHERE agent_types.NAME NOT LIKE 'com.anylogic.libraries.%' ORDER BY type, name
INSERT INTO AL_DB_OBJECTS VALUES('agents_log','VIEW','LOG')
COMMIT
CREATE VIEW library_blocks_log AS SELECT al_format_agent_type_name_log(agent_types.NAME) type, al_format_agent_name_log(agents.NAME, agents.ID) name, agents.DATE BirthDate, destroyed_agents.DATE DeathDate FROM agent_types_raw_log agent_types INNER JOIN agents_raw_log agents ON agent_types.ID = agents.AGENT_TYPE_ID LEFT JOIN destroyed_agents_raw_log destroyed_agents ON agents.ID = destroyed_agents.AGENT_ID WHERE agent_types.NAME LIKE 'com.anylogic.libraries.%' ORDER BY type, name
INSERT INTO AL_DB_OBJECTS VALUES('library_blocks_log','VIEW','LOG')
COMMIT
CREATE VIEW agent_parameters_log AS SELECT al_format_agent_type_name_log(agent_types.NAME) agent_type, al_format_agent_name_log(agents.NAME, agents.ID) agent, parameters.PARAMETER_NAME parameter_name, parameters.PARAMETER_VALUE parameter_value FROM agent_parameters_raw_log parameters INNER JOIN agents_raw_log agents ON parameters.AGENT_ID = agents.ID INNER JOIN agent_types_raw_log agent_types ON agents.AGENT_TYPE_ID = agent_types.ID WHERE agent_types.NAME NOT LIKE 'com.anylogic.libraries.%' ORDER BY agent_type, agent
INSERT INTO AL_DB_OBJECTS VALUES('agent_parameters_log','VIEW','LOG')
COMMIT
CREATE VIEW library_block_parameters_log AS SELECT al_format_agent_type_name_log(agent_types.NAME) block_type, al_format_agent_name_log(agents.NAME, agents.ID) block, parameters.PARAMETER_NAME parameter_name, parameters.PARAMETER_VALUE parameter_value FROM agent_parameters_raw_log parameters INNER JOIN agents_raw_log agents ON parameters.AGENT_ID = agents.ID INNER JOIN agent_types_raw_log agent_types ON agents.AGENT_TYPE_ID = agent_types.ID WHERE agent_types.NAME LIKE 'com.anylogic.libraries.%' ORDER BY block_type, block
INSERT INTO AL_DB_OBJECTS VALUES('library_block_parameters_log','VIEW','LOG')
COMMIT
CREATE VIEW agent_movement_log AS SELECT al_format_agent_type_name_log(agent_types.NAME) type, al_format_agent_name_log(agents.NAME, agents.ID) agent, agent_movement.SPEED speed, agent_movement.START_DATE start_date, agent_movement.STOP_DATE stop_date FROM agent_movement_raw_log agent_movement INNER JOIN agents_raw_log agents ON agent_movement.AGENT_ID = agents.ID INNER JOIN agent_types_raw_log agent_types ON agents.AGENT_TYPE_ID = agent_types.ID ORDER BY start_date
INSERT INTO AL_DB_OBJECTS VALUES('agent_movement_log','VIEW','LOG')
COMMIT
CREATE VIEW agent_movement_stats_log AS SELECT al_format_agent_type_name_log(agent_types.NAME) type, al_format_agent_name_log(agents.NAME, agents.ID) agent, agent_movement.total_meters total_meters, agent_movement.total_seconds total_seconds, agent_movement.avg_speed_mps avg_speed_mps FROM (   SELECT     AGENT_ID,     SUM(CAST( DATEDIFF('millisecond', START_DATE, STOP_DATE) AS DOUBLE ) * SPEED) / 1000 total_meters,     SUM(CAST( DATEDIFF('millisecond', START_DATE, STOP_DATE) AS DOUBLE )) / 1000 total_seconds,     SUM(CAST( DATEDIFF('millisecond', START_DATE, STOP_DATE) AS DOUBLE ) * SPEED)       / SUM(CAST( DATEDIFF('millisecond', START_DATE, STOP_DATE) AS DOUBLE )) avg_speed_mps   FROM agent_movement_raw_log   GROUP BY AGENT_ID) agent_movement INNER JOIN agents_raw_log agents ON agent_movement.AGENT_ID = agents.ID INNER JOIN agent_types_raw_log agent_types ON agents.AGENT_TYPE_ID = agent_types.ID ORDER BY type, agent
INSERT INTO AL_DB_OBJECTS VALUES('agent_movement_stats_log','VIEW','LOG')
COMMIT
CREATE VIEW agent_messages_log AS SELECT am.MESSAGE message, al_format_agent_name_log(a1.NAME, a1.ID) recipient, al_format_agent_type_name_log(at1.NAME) recipient_type, al_format_agent_name_log(a2.NAME, a2.ID) sender, al_format_agent_type_name_log(at2.NAME) sender_type, am.DATE date, am.COUNTER counter FROM agent_messages_raw_log am INNER JOIN agents_raw_log a1 ON am.AGENT_ID = a1.ID INNER JOIN agent_types_raw_log at1 ON a1.AGENT_TYPE_ID = at1.ID LEFT JOIN agents_raw_log a2 ON am.SENDER_ID = a2.ID LEFT JOIN agent_types_raw_log at2 ON a2.AGENT_TYPE_ID = at2.ID ORDER BY am.COUNTER
INSERT INTO AL_DB_OBJECTS VALUES('agent_messages_log','VIEW','LOG')
COMMIT
CREATE VIEW events_log AS SELECT agent_type_elements.NAME event_name, events.DATE date, al_format_agent_type_name_log(agent_types.NAME) agent_type, al_format_agent_name_log(agents.NAME, agents.ID) agent FROM events_raw_log events INNER JOIN agent_type_elements_raw_log agent_type_elements ON events.EVENT_ID = agent_type_elements.ID INNER JOIN agents_raw_log agents ON agent_type_elements.AGENT_TYPE_ID = agents.ID INNER JOIN agent_types_raw_log agent_types ON agent_type_elements.AGENT_TYPE_ID = agent_types.ID ORDER BY events.DATE
INSERT INTO AL_DB_OBJECTS VALUES('events_log','VIEW','LOG')
COMMIT
CREATE VIEW flowchart_entries_log AS SELECT \u0009flowchart_entries.COUNTER counter, \u0009al_format_agent_type_name_log(agent_types.NAME) agent_type, \u0009al_format_agent_name_log(agents.NAME, agents.ID) agent, \u0009al_format_agent_type_name_log(block_types.NAME) block_type, \u0009al_format_agent_name_log(blocks.NAME, blocks.ID) block, \u0009flowchart_entries.ENTRY_DATE entry_date FROM flowchart_entries_raw_log flowchart_entries INNER JOIN agents_raw_log agents ON flowchart_entries.AGENT_ID = agents.ID INNER JOIN agent_types_raw_log agent_types ON agents.AGENT_TYPE_ID = agent_types.ID LEFT JOIN agents_raw_log blocks ON flowchart_entries.BLOCK_ID = blocks.ID LEFT JOIN agent_types_raw_log block_types ON blocks.AGENT_TYPE_ID = block_types.ID ORDER BY flowchart_entries.ENTRY_DATE
INSERT INTO AL_DB_OBJECTS VALUES('flowchart_entries_log','VIEW','LOG')
COMMIT
CREATE VIEW flowchart_process_states_log AS SELECT al_format_agent_type_name_log(agent_types.NAME) agent_type, al_format_agent_name_log(agents.NAME, agents.ID) agent, al_format_agent_type_name_log(block_types.NAME) block_type, al_format_agent_name_log(blocks.NAME, blocks.ID) block, flowchart_process_states.ACTIVITY_TYPE activity_type, flowchart_process_states.START_DATE start_date, flowchart_process_states.STOP_DATE stop_date FROM flowchart_process_states_raw_log flowchart_process_states INNER JOIN agents_raw_log agents ON flowchart_process_states.AGENT_ID = agents.ID INNER JOIN agent_types_raw_log agent_types ON agents.AGENT_TYPE_ID = agent_types.ID INNER JOIN agents_raw_log blocks ON flowchart_process_states.BLOCK_ID = blocks.ID INNER JOIN agent_types_raw_log block_types ON blocks.AGENT_TYPE_ID = block_types.ID ORDER BY flowchart_process_states.START_DATE
INSERT INTO AL_DB_OBJECTS VALUES('flowchart_process_states_log','VIEW','LOG')
COMMIT
CREATE VIEW flowchart_stats_time_in_state_log AS SELECT al_format_agent_type_name_log(block_types.NAME) block_type, al_format_agent_name_log(blocks.NAME, blocks.ID) block, flowchart_process_states.activity_type activity_type, flowchart_process_states.mean_seconds mean_seconds, flowchart_process_states.total_seconds total_seconds, flowchart_process_states.min_seconds min_seconds, flowchart_process_states.max_seconds max_seconds, flowchart_process_states.n_agents n_agents FROM (   SELECT     BLOCK_ID block_id,     ACTIVITY_TYPE activity_type,     AVG(CAST( DATEDIFF('millisecond', START_DATE, STOP_DATE) AS DOUBLE )) / 1000 mean_seconds,     SUM(CAST( DATEDIFF('millisecond', START_DATE, STOP_DATE) AS DOUBLE )) / 1000 total_seconds,     MIN(CAST( DATEDIFF('millisecond', START_DATE, STOP_DATE) AS DOUBLE )) / 1000 min_seconds,     MAX(CAST( DATEDIFF('millisecond', START_DATE, STOP_DATE) AS DOUBLE )) / 1000 max_seconds,     COUNT( DISTINCT AGENT_ID ) n_agents   FROM flowchart_process_states_raw_log flowchart_process_states   GROUP BY BLOCK_ID, ACTIVITY_TYPE) flowchart_process_states INNER JOIN agents_raw_log blocks ON flowchart_process_states.BLOCK_ID = blocks.ID INNER JOIN agent_types_raw_log block_types ON blocks.AGENT_TYPE_ID = block_types.ID ORDER BY block_type, block, activity_type
INSERT INTO AL_DB_OBJECTS VALUES('flowchart_stats_time_in_state_log','VIEW','LOG')
COMMIT
CREATE VIEW resource_unit_states_log AS SELECT al_format_agent_type_name_log(unit_types.NAME) unit_type, al_format_agent_name_log(units.NAME, units.ID) unit, al_format_agent_name_log(pools.NAME, pools.ID) resource_pool, resource_unit_states.USAGE_STATE usage_state, CASE WHEN resource_unit_states.TASK_TYPE = 'TASK_CUSTOM' THEN al_format_agent_name_log(tasks.NAME, tasks.ID) ELSE resource_unit_states.TASK_TYPE END task, al_format_agent_type_name_log(agent_types.NAME) agent_type, al_format_agent_name_log(agents.NAME, agents.ID) agent, resource_unit_states.START_DATE start_date, resource_unit_states.STOP_DATE stop_date FROM resource_unit_states_raw_log resource_unit_states INNER JOIN agents_raw_log units ON resource_unit_states.UNIT_ID = units.ID INNER JOIN agent_types_raw_log unit_types ON units.AGENT_TYPE_ID = unit_types.ID INNER JOIN agents_raw_log pools ON resource_unit_states.POOL_ID = pools.ID LEFT JOIN agents_raw_log agents ON resource_unit_states.AGENT_ID = agents.ID LEFT JOIN agent_types_raw_log agent_types ON agents.AGENT_TYPE_ID = agent_types.ID LEFT JOIN agents_raw_log tasks ON resource_unit_states.TASK_ID = tasks.ID ORDER BY resource_unit_states.START_DATE
INSERT INTO AL_DB_OBJECTS VALUES('resource_unit_states_log','VIEW','LOG')
COMMIT
CREATE VIEW resource_unit_task_stats_log AS SELECT al_format_agent_type_name_log(unit_types.NAME) unit_type, al_format_agent_name_log(pools.NAME, pools.ID) resource_pool, al_format_agent_name_log(units.NAME, units.ID) unit, CASE WHEN resource_unit_states.TASK_TYPE = 'TASK_CUSTOM' THEN al_format_agent_name_log(tasks.NAME, tasks.ID) ELSE resource_unit_states.TASK_TYPE END task, resource_unit_states.mean_seconds mean_seconds, resource_unit_states.total_seconds total_seconds, resource_unit_states.n_tasks n_tasks FROM (   SELECT     UNIT_ID unit_id,     POOL_ID pool_id,     TASK_TYPE task_type,     TASK_ID task_id,     AVG(CAST( DATEDIFF('millisecond', START_DATE, STOP_DATE) AS DOUBLE )) / 1000 mean_seconds,     SUM(CAST( DATEDIFF('millisecond', START_DATE, STOP_DATE) AS DOUBLE )) / 1000 total_seconds,     COUNT(START_DATE) n_tasks   FROM resource_unit_states_raw_log   GROUP BY UNIT_ID, POOL_ID, TASK_TYPE, TASK_ID ) resource_unit_states INNER JOIN agents_raw_log units ON resource_unit_states.UNIT_ID = units.ID INNER JOIN agent_types_raw_log unit_types ON units.AGENT_TYPE_ID = unit_types.ID INNER JOIN agents_raw_log pools ON resource_unit_states.POOL_ID = pools.ID LEFT JOIN agents_raw_log tasks ON resource_unit_states.TASK_ID = tasks.ID ORDER BY unit_type, resource_pool, unit, resource_unit_states.TASK_TYPE, tasks.NAME
INSERT INTO AL_DB_OBJECTS VALUES('resource_unit_task_stats_log','VIEW','LOG')
COMMIT
CREATE VIEW resource_pool_task_stats_log AS SELECT al_format_agent_type_name_log(unit_types.NAME) unit_type, al_format_agent_name_log(pools.NAME, pools.ID) resource_pool, CASE WHEN resource_unit_states.TASK_TYPE = 'TASK_CUSTOM' THEN tasks.NAME ELSE resource_unit_states.TASK_TYPE END task, resource_unit_states.mean_seconds mean_seconds, resource_unit_states.total_seconds total_seconds, resource_unit_states.n_tasks n_tasks FROM (   SELECT     u.AGENT_TYPE_ID unit_type_id,     s.POOL_ID pool_id,     s.TASK_TYPE task_type,     s.TASK_ID task_id,     AVG(CAST( DATEDIFF('millisecond', s.START_DATE, s.STOP_DATE) AS DOUBLE )) / 1000 mean_seconds,     SUM(CAST( DATEDIFF('millisecond', s.START_DATE, s.STOP_DATE) AS DOUBLE )) / 1000 total_seconds,     COUNT(s.START_DATE) n_tasks   FROM resource_unit_states_raw_log s   INNER JOIN agents_raw_log u ON s.UNIT_ID = u.ID   GROUP BY u.AGENT_TYPE_ID, s.POOL_ID, s.TASK_TYPE, s.TASK_ID ) resource_unit_states INNER JOIN agent_types_raw_log unit_types ON resource_unit_states.unit_type_id = unit_types.ID INNER JOIN agents_raw_log pools ON resource_unit_states.POOL_ID = pools.ID LEFT JOIN agents_raw_log tasks ON resource_unit_states.TASK_ID = tasks.ID ORDER BY unit_type, resource_pool, resource_unit_states.TASK_TYPE, tasks.NAME
INSERT INTO AL_DB_OBJECTS VALUES('resource_pool_task_stats_log','VIEW','LOG')
COMMIT
CREATE VIEW resource_pool_utilization_log AS SELECT al_format_agent_name_log(pools.NAME, pools.ID) resource_pool, resource_pool_utilization.UTILIZATION utilization, resource_pool_utilization.SIZE size FROM resource_pool_utilization_raw_log resource_pool_utilization INNER JOIN agents_raw_log pools ON resource_pool_utilization.POOL_ID = pools.ID ORDER BY resource_pool
INSERT INTO AL_DB_OBJECTS VALUES('resource_pool_utilization_log','VIEW','LOG')
COMMIT
CREATE VIEW resource_unit_utilization_log AS SELECT al_format_agent_type_name_log(unit_types.NAME) unit_type, al_format_agent_name_log(pools.NAME, pools.ID) resource_pool, al_format_agent_name_log(units.NAME, units.ID) unit, resource_unit_utilization.UTILIZATION utilization FROM resource_unit_utilization_raw_log resource_unit_utilization INNER JOIN agents_raw_log units ON resource_unit_utilization.UNIT_ID = units.ID INNER JOIN agent_types_raw_log unit_types ON units.AGENT_TYPE_ID = unit_types.ID INNER JOIN agents_raw_log pools ON resource_unit_utilization.POOL_ID = pools.ID ORDER BY unit_type, resource_pool
INSERT INTO AL_DB_OBJECTS VALUES('resource_unit_utilization_log','VIEW','LOG')
COMMIT
CREATE VIEW fluid_units_log AS SELECT al_format_agent_type_name_log(block_types.NAME) block_type, al_format_agent_name_log(blocks.NAME, blocks.ID) block, units.AMOUNT_UNITS amount_units, units.RATE_UNITS rate_units FROM fluid_units_raw_log units INNER JOIN agents_raw_log blocks ON units.BLOCK_ID = blocks.ID INNER JOIN agent_types_raw_log block_types ON blocks.AGENT_TYPE_ID = block_types.ID ORDER BY block_type, block
INSERT INTO AL_DB_OBJECTS VALUES('fluid_units_log','VIEW','LOG')
COMMIT
CREATE VIEW fluid_storages_log AS SELECT al_format_agent_type_name_log(block_types.NAME) block_type, al_format_agent_name_log(blocks.NAME, blocks.ID) block, storages.MINIMUM minimum, storages.MAXIMUM maximum, storages.AVERAGE average FROM fluid_storages_raw_log storages INNER JOIN agents_raw_log blocks ON storages.BLOCK_ID = blocks.ID INNER JOIN agent_types_raw_log block_types ON blocks.AGENT_TYPE_ID = block_types.ID ORDER BY block_type, block
INSERT INTO AL_DB_OBJECTS VALUES('fluid_storages_log','VIEW','LOG')
COMMIT
CREATE VIEW fluid_rates_log AS SELECT al_format_agent_type_name_log(block_types.NAME) block_type, al_format_agent_name_log(blocks.NAME, blocks.ID) block, rates.PORT port, rates.TOTAL total_amount,rates.MINIMUM minimum_rate, rates.MAXIMUM maximum_rate, rates.AVERAGE average_rate FROM fluid_rates_raw_log rates INNER JOIN agents_raw_log blocks ON rates.BLOCK_ID = blocks.ID INNER JOIN agent_types_raw_log block_types ON blocks.AGENT_TYPE_ID = block_types.ID ORDER BY block_type, block
INSERT INTO AL_DB_OBJECTS VALUES('fluid_rates_log','VIEW','LOG')
COMMIT
CREATE VIEW fluid_utilization_log AS SELECT al_format_agent_type_name_log(block_types.NAME) block_type, al_format_agent_name_log(blocks.NAME, blocks.ID) block, utilization.UTILIZATION utilization FROM fluid_utilization_raw_log utilization INNER JOIN agents_raw_log blocks ON utilization.BLOCK_ID = blocks.ID INNER JOIN agent_types_raw_log block_types ON blocks.AGENT_TYPE_ID = block_types.ID ORDER BY block_type, block
INSERT INTO AL_DB_OBJECTS VALUES('fluid_utilization_log','VIEW','LOG')
COMMIT
CREATE VIEW statechart_transitions_log AS SELECT al_format_agent_type_name_log(agent_types.NAME) agent_type, al_format_agent_name_log(agents.NAME, agents.ID) agent, transitions.NAME transition, states.NAME from_state, statechart_transitions.DATE date FROM statechart_transitions_raw_log statechart_transitions INNER JOIN agents_raw_log agents ON statechart_transitions.AGENT_ID = agents.ID INNER JOIN agent_types_raw_log agent_types ON agents.AGENT_TYPE_ID = agent_types.ID LEFT JOIN agent_type_elements_raw_log transitions ON statechart_transitions.TRANSITION_ID = transitions.ID INNER JOIN agent_type_elements_raw_log states ON statechart_transitions.FROM_STATE_ID = states.ID ORDER BY statechart_transitions.DATE
INSERT INTO AL_DB_OBJECTS VALUES('statechart_transitions_log','VIEW','LOG')
COMMIT
CREATE VIEW agent_statechart_states_log AS SELECT al_format_agent_type_name_log(agent_types.NAME) agent_type, al_format_agent_name_log(agents.NAME, agents.ID) agent, elements_statecharts.NAME statechart, elements_states.NAME state, statechart_states.ENTRY_DATE entry_date, statechart_states.EXIT_DATE exit_date FROM statechart_states_raw_log statechart_states INNER JOIN agents_raw_log agents ON statechart_states.AGENT_ID = agents.ID INNER JOIN agent_types_raw_log agent_types ON agents.AGENT_TYPE_ID = agent_types.ID INNER JOIN agent_type_statecharts_raw_log agent_type_statecharts ON agent_type_statecharts.ELEMENT_ID = statechart_states.STATE_ID INNER JOIN agent_type_elements_raw_log elements_statecharts ON agent_type_statecharts.STATECHART_ID = elements_statecharts.ID INNER JOIN agent_type_elements_raw_log elements_states ON statechart_states.STATE_ID = elements_states.ID ORDER BY agent_type, agent, statechart, statechart_states.ENTRY_DATE
INSERT INTO AL_DB_OBJECTS VALUES('agent_statechart_states_log','VIEW','LOG')
COMMIT
CREATE VIEW agent_statechart_stats_log AS SELECT al_format_agent_type_name_log(agent_types.NAME) agent_type, al_format_agent_name_log(agents.NAME, agents.ID) agent, elements_statecharts.NAME statechart, elements_states.NAME state, statechart_states.mean_seconds mean_seconds, statechart_states.total_seconds total_seconds, statechart_states.n_entries n_entries FROM (   SELECT     AGENT_ID agent_id,     STATE_ID state_id,     AVG(CAST( DATEDIFF('millisecond', ENTRY_DATE, EXIT_DATE) AS DOUBLE )) / 1000 mean_seconds,     SUM(CAST( DATEDIFF('millisecond', ENTRY_DATE, EXIT_DATE) AS DOUBLE )) / 1000 total_seconds,     COUNT(ENTRY_DATE) n_entries   FROM statechart_states_raw_log   GROUP BY AGENT_ID, STATE_ID ) statechart_states INNER JOIN agents_raw_log agents ON statechart_states.AGENT_ID = agents.ID INNER JOIN agent_types_raw_log agent_types ON agents.AGENT_TYPE_ID = agent_types.ID INNER JOIN agent_type_statecharts_raw_log agent_type_statecharts ON agent_type_statecharts.ELEMENT_ID = statechart_states.STATE_ID INNER JOIN agent_type_elements_raw_log elements_statecharts ON agent_type_statecharts.STATECHART_ID = elements_statecharts.ID INNER JOIN agent_type_elements_raw_log elements_states ON statechart_states.STATE_ID = elements_states.ID ORDER BY agent_type, agent, statechart, state
INSERT INTO AL_DB_OBJECTS VALUES('agent_statechart_stats_log','VIEW','LOG')
COMMIT
CREATE VIEW agent_type_statechart_stats_log AS SELECT al_format_agent_type_name_log(agent_types.NAME) agent_type, elements_statecharts.NAME statechart, elements_states.NAME state, statechart_states.mean_seconds mean_seconds, statechart_states.total_seconds total_seconds, statechart_states.min_seconds min_seconds, statechart_states.max_seconds max_seconds, statechart_states.n_entries n_entries FROM (   SELECT     a.AGENT_TYPE_ID agent_type_id,     s.STATE_ID state_id,     AVG(CAST( DATEDIFF('millisecond', s.ENTRY_DATE, s.EXIT_DATE) AS DOUBLE )) / 1000 mean_seconds,     SUM(CAST( DATEDIFF('millisecond', s.ENTRY_DATE, s.EXIT_DATE) AS DOUBLE )) / 1000 total_seconds,     MIN(CAST( DATEDIFF('millisecond', s.ENTRY_DATE, s.EXIT_DATE) AS DOUBLE )) / 1000 min_seconds,     MAX(CAST( DATEDIFF('millisecond', s.ENTRY_DATE, s.EXIT_DATE) AS DOUBLE )) / 1000 max_seconds,     COUNT(s.ENTRY_DATE) n_entries   FROM statechart_states_raw_log s   INNER JOIN agents_raw_log a ON s.AGENT_ID = a.ID   GROUP BY a.AGENT_TYPE_ID, s.STATE_ID ) statechart_states INNER JOIN agent_types_raw_log agent_types ON statechart_states.agent_type_id = agent_types.ID INNER JOIN agent_type_statecharts_raw_log agent_type_statecharts ON agent_type_statecharts.ELEMENT_ID = statechart_states.STATE_ID INNER JOIN agent_type_elements_raw_log elements_statecharts ON agent_type_statecharts.STATECHART_ID = elements_statecharts.ID INNER JOIN agent_type_elements_raw_log elements_states ON statechart_states.STATE_ID = elements_states.ID ORDER BY agent_type, statechart, state
INSERT INTO AL_DB_OBJECTS VALUES('agent_type_statechart_stats_log','VIEW','LOG')
COMMIT
CREATE VIEW statistics_log AS SELECT al_format_agent_type_name_log(agent_types.NAME) agent_type, al_format_agent_name_log(agents.NAME, agents.ID) agent, statistics.NAME name, statistics.MEAN mean, statistics.DEVIATION deviation, statistics.MINIMUM minimum, statistics.MAXIMUM maximum, statistics.MEAN_CONFIDENCE mean_confidence, statistics.NUMBER number FROM statistics_raw_log statistics LEFT JOIN agents_raw_log agents ON statistics.AGENT_ID = agents.ID LEFT JOIN agent_types_raw_log agent_types ON agents.AGENT_TYPE_ID = agent_types.ID ORDER BY agent_type, agent, statistics.NAME
INSERT INTO AL_DB_OBJECTS VALUES('statistics_log','VIEW','LOG')
COMMIT
CREATE VIEW datasets_log AS SELECT al_format_agent_type_name_log(agent_types.NAME) agent_type, al_format_agent_name_log(agents.NAME, agents.ID) agent, agent_elements.NAME name, datasets.INDEX index, datasets.X x, datasets.Y y FROM datasets_raw_log datasets LEFT JOIN agent_elements_raw_log agent_elements ON datasets.ELEMENT_ID = agent_elements.ID LEFT JOIN agents_raw_log agents ON agent_elements.AGENT_ID = agents.ID LEFT JOIN agent_types_raw_log agent_types ON agents.AGENT_TYPE_ID = agent_types.ID ORDER BY agent_type, agent, agent_elements.NAME, datasets.INDEX
INSERT INTO AL_DB_OBJECTS VALUES('datasets_log','VIEW','LOG')
COMMIT
CREATE VIEW histograms_log AS SELECT al_format_agent_type_name_log(agent_types.NAME) agent_type, al_format_agent_name_log(agents.NAME, agents.ID) agent, agent_elements.NAME name, histograms.START start, histograms.END end, histograms.PDF pdf, histograms.CDF cdf FROM histograms_raw_log histograms LEFT JOIN agent_elements_raw_log agent_elements ON histograms.ELEMENT_ID = agent_elements.ID LEFT JOIN agents_raw_log agents ON agent_elements.AGENT_ID = agents.ID LEFT JOIN agent_types_raw_log agent_types ON agents.AGENT_TYPE_ID = agent_types.ID ORDER BY agent_type, agent, agent_elements.NAME, histograms.START
INSERT INTO AL_DB_OBJECTS VALUES('histograms_log','VIEW','LOG')
COMMIT
CREATE VIEW trace_log AS SELECT trace.MESSAGE_TEXT message_text, trace.DATE date, trace.COUNTER counter, al_format_agent_type_name_log(agent_types.NAME) agent_type, al_format_agent_name_log(agents.NAME, agents.ID) agent FROM trace_raw_log trace LEFT JOIN agents_raw_log agents ON trace.AGENT_ID = agents.ID LEFT JOIN agent_types_raw_log agent_types ON agents.AGENT_TYPE_ID = agent_types.ID ORDER BY trace.COUNTER
INSERT INTO AL_DB_OBJECTS VALUES('trace_log','VIEW','LOG')
COMMIT
DROP VIEW trace_log IF EXISTS CASCADE
DROP VIEW histograms_log IF EXISTS CASCADE
DROP VIEW datasets_log IF EXISTS CASCADE
DROP VIEW statistics_log IF EXISTS CASCADE
DROP VIEW agent_type_statechart_stats_log IF EXISTS CASCADE
DROP VIEW agent_statechart_stats_log IF EXISTS CASCADE
DROP VIEW agent_statechart_states_log IF EXISTS CASCADE
DROP VIEW statechart_transitions_log IF EXISTS CASCADE
DROP VIEW fluid_utilization_log IF EXISTS CASCADE
DROP VIEW fluid_rates_log IF EXISTS CASCADE
DROP VIEW fluid_storages_log IF EXISTS CASCADE
DROP VIEW fluid_units_log IF EXISTS CASCADE
DROP VIEW resource_unit_utilization_log IF EXISTS CASCADE
DROP VIEW resource_pool_utilization_log IF EXISTS CASCADE
DROP VIEW resource_pool_task_stats_log IF EXISTS CASCADE
DROP VIEW resource_unit_task_stats_log IF EXISTS CASCADE
DROP VIEW resource_unit_states_log IF EXISTS CASCADE
DROP VIEW flowchart_stats_time_in_state_log IF EXISTS CASCADE
DROP VIEW flowchart_process_states_log IF EXISTS CASCADE
DROP VIEW flowchart_entries_log IF EXISTS CASCADE
DROP VIEW events_log IF EXISTS CASCADE
DROP VIEW agent_messages_log IF EXISTS CASCADE
DROP VIEW agent_movement_stats_log IF EXISTS CASCADE
DROP VIEW agent_movement_log IF EXISTS CASCADE
DROP VIEW library_block_parameters_log IF EXISTS CASCADE
DROP VIEW agent_parameters_log IF EXISTS CASCADE
DROP VIEW library_blocks_log IF EXISTS CASCADE
DROP VIEW agents_log IF EXISTS CASCADE
DROP TABLE fluid_utilization_raw_log IF EXISTS CASCADE
DROP TABLE fluid_rates_raw_log IF EXISTS CASCADE
DROP TABLE fluid_storages_raw_log IF EXISTS CASCADE
DROP TABLE fluid_units_raw_log IF EXISTS CASCADE
DROP TABLE resource_unit_utilization_raw_log IF EXISTS CASCADE
DROP TABLE resource_pool_utilization_raw_log IF EXISTS CASCADE
DROP TABLE resource_unit_states_raw_log IF EXISTS CASCADE
DROP TABLE histograms_raw_log IF EXISTS CASCADE
DROP TABLE datasets_raw_log IF EXISTS CASCADE
DROP TABLE statistics_raw_log IF EXISTS CASCADE
DROP TABLE flowchart_process_states_raw_log IF EXISTS CASCADE
DROP TABLE flowchart_entries_raw_log IF EXISTS CASCADE
DROP TABLE agent_messages_raw_log IF EXISTS CASCADE
DROP TABLE agent_movement_raw_log IF EXISTS CASCADE
DROP TABLE events_raw_log IF EXISTS CASCADE
DROP TABLE statechart_transitions_raw_log IF EXISTS CASCADE
DROP TABLE statechart_states_raw_log IF EXISTS CASCADE
DROP TABLE trace_raw_log IF EXISTS CASCADE
DROP TABLE agent_elements_raw_log IF EXISTS CASCADE
DROP TABLE agent_type_statecharts_raw_log IF EXISTS CASCADE
DROP TABLE agent_type_elements_raw_log IF EXISTS CASCADE
DROP TABLE agent_parameters_raw_log IF EXISTS CASCADE
DROP TABLE destroyed_agents_raw_log IF EXISTS CASCADE
DROP TABLE agents_raw_log IF EXISTS CASCADE
DROP TABLE agent_types_raw_log IF EXISTS CASCADE
DROP FUNCTION al_format_agent_name_log IF EXISTS CASCADE
DROP FUNCTION al_format_agent_type_name_log IF EXISTS CASCADE
DELETE FROM AL_DB_OBJECTS WHERE NAME='al_format_agent_type_name_log' AND TYPE='FUNCTION' AND USAGE='LOG'
DELETE FROM AL_DB_OBJECTS WHERE NAME='al_format_agent_name_log' AND TYPE='FUNCTION' AND USAGE='LOG'
DELETE FROM AL_DB_OBJECTS WHERE NAME='agent_types_raw_log' AND TYPE='TABLE' AND USAGE='LOG'
DELETE FROM AL_DB_OBJECTS WHERE NAME='agents_raw_log' AND TYPE='TABLE' AND USAGE='LOG'
DELETE FROM AL_DB_OBJECTS WHERE NAME='destroyed_agents_raw_log' AND TYPE='TABLE' AND USAGE='LOG'
DELETE FROM AL_DB_OBJECTS WHERE NAME='agent_parameters_raw_log' AND TYPE='TABLE' AND USAGE='LOG'
DELETE FROM AL_DB_OBJECTS WHERE NAME='agent_type_elements_raw_log' AND TYPE='TABLE' AND USAGE='LOG'
DELETE FROM AL_DB_OBJECTS WHERE NAME='agent_type_statecharts_raw_log' AND TYPE='TABLE' AND USAGE='LOG'
DELETE FROM AL_DB_OBJECTS WHERE NAME='agent_elements_raw_log' AND TYPE='TABLE' AND USAGE='LOG'
DELETE FROM AL_DB_OBJECTS WHERE NAME='trace_raw_log' AND TYPE='TABLE' AND USAGE='LOG'
DELETE FROM AL_DB_OBJECTS WHERE NAME='statechart_states_raw_log' AND TYPE='TABLE' AND USAGE='LOG'
DELETE FROM AL_DB_OBJECTS WHERE NAME='statechart_transitions_raw_log' AND TYPE='TABLE' AND USAGE='LOG'
DELETE FROM AL_DB_OBJECTS WHERE NAME='events_raw_log' AND TYPE='TABLE' AND USAGE='LOG'
DELETE FROM AL_DB_OBJECTS WHERE NAME='agent_movement_raw_log' AND TYPE='TABLE' AND USAGE='LOG'
DELETE FROM AL_DB_OBJECTS WHERE NAME='agent_messages_raw_log' AND TYPE='TABLE' AND USAGE='LOG'
DELETE FROM AL_DB_OBJECTS WHERE NAME='flowchart_entries_raw_log' AND TYPE='TABLE' AND USAGE='LOG'
DELETE FROM AL_DB_OBJECTS WHERE NAME='flowchart_process_states_raw_log' AND TYPE='TABLE' AND USAGE='LOG'
DELETE FROM AL_DB_OBJECTS WHERE NAME='statistics_raw_log' AND TYPE='TABLE' AND USAGE='LOG'
DELETE FROM AL_DB_OBJECTS WHERE NAME='datasets_raw_log' AND TYPE='TABLE' AND USAGE='LOG'
DELETE FROM AL_DB_OBJECTS WHERE NAME='histograms_raw_log' AND TYPE='TABLE' AND USAGE='LOG'
DELETE FROM AL_DB_OBJECTS WHERE NAME='resource_unit_states_raw_log' AND TYPE='TABLE' AND USAGE='LOG'
DELETE FROM AL_DB_OBJECTS WHERE NAME='resource_pool_utilization_raw_log' AND TYPE='TABLE' AND USAGE='LOG'
DELETE FROM AL_DB_OBJECTS WHERE NAME='resource_unit_utilization_raw_log' AND TYPE='TABLE' AND USAGE='LOG'
DELETE FROM AL_DB_OBJECTS WHERE NAME='fluid_units_raw_log' AND TYPE='TABLE' AND USAGE='LOG'
DELETE FROM AL_DB_OBJECTS WHERE NAME='fluid_storages_raw_log' AND TYPE='TABLE' AND USAGE='LOG'
DELETE FROM AL_DB_OBJECTS WHERE NAME='fluid_rates_raw_log' AND TYPE='TABLE' AND USAGE='LOG'
DELETE FROM AL_DB_OBJECTS WHERE NAME='fluid_utilization_raw_log' AND TYPE='TABLE' AND USAGE='LOG'
DELETE FROM AL_DB_OBJECTS WHERE NAME='agents_log' AND TYPE='VIEW' AND USAGE='LOG'
DELETE FROM AL_DB_OBJECTS WHERE NAME='library_blocks_log' AND TYPE='VIEW' AND USAGE='LOG'
DELETE FROM AL_DB_OBJECTS WHERE NAME='agent_parameters_log' AND TYPE='VIEW' AND USAGE='LOG'
DELETE FROM AL_DB_OBJECTS WHERE NAME='library_block_parameters_log' AND TYPE='VIEW' AND USAGE='LOG'
DELETE FROM AL_DB_OBJECTS WHERE NAME='agent_movement_log' AND TYPE='VIEW' AND USAGE='LOG'
DELETE FROM AL_DB_OBJECTS WHERE NAME='agent_movement_stats_log' AND TYPE='VIEW' AND USAGE='LOG'
DELETE FROM AL_DB_OBJECTS WHERE NAME='agent_messages_log' AND TYPE='VIEW' AND USAGE='LOG'
DELETE FROM AL_DB_OBJECTS WHERE NAME='events_log' AND TYPE='VIEW' AND USAGE='LOG'
DELETE FROM AL_DB_OBJECTS WHERE NAME='flowchart_entries_log' AND TYPE='VIEW' AND USAGE='LOG'
DELETE FROM AL_DB_OBJECTS WHERE NAME='flowchart_process_states_log' AND TYPE='VIEW' AND USAGE='LOG'
DELETE FROM AL_DB_OBJECTS WHERE NAME='flowchart_stats_time_in_state_log' AND TYPE='VIEW' AND USAGE='LOG'
DELETE FROM AL_DB_OBJECTS WHERE NAME='resource_unit_states_log' AND TYPE='VIEW' AND USAGE='LOG'
DELETE FROM AL_DB_OBJECTS WHERE NAME='resource_unit_task_stats_log' AND TYPE='VIEW' AND USAGE='LOG'
DELETE FROM AL_DB_OBJECTS WHERE NAME='resource_pool_task_stats_log' AND TYPE='VIEW' AND USAGE='LOG'
DELETE FROM AL_DB_OBJECTS WHERE NAME='resource_pool_utilization_log' AND TYPE='VIEW' AND USAGE='LOG'
DELETE FROM AL_DB_OBJECTS WHERE NAME='resource_unit_utilization_log' AND TYPE='VIEW' AND USAGE='LOG'
DELETE FROM AL_DB_OBJECTS WHERE NAME='fluid_units_log' AND TYPE='VIEW' AND USAGE='LOG'
DELETE FROM AL_DB_OBJECTS WHERE NAME='fluid_storages_log' AND TYPE='VIEW' AND USAGE='LOG'
DELETE FROM AL_DB_OBJECTS WHERE NAME='fluid_rates_log' AND TYPE='VIEW' AND USAGE='LOG'
DELETE FROM AL_DB_OBJECTS WHERE NAME='fluid_utilization_log' AND TYPE='VIEW' AND USAGE='LOG'
DELETE FROM AL_DB_OBJECTS WHERE NAME='statechart_transitions_log' AND TYPE='VIEW' AND USAGE='LOG'
DELETE FROM AL_DB_OBJECTS WHERE NAME='agent_statechart_states_log' AND TYPE='VIEW' AND USAGE='LOG'
DELETE FROM AL_DB_OBJECTS WHERE NAME='agent_statechart_stats_log' AND TYPE='VIEW' AND USAGE='LOG'
DELETE FROM AL_DB_OBJECTS WHERE NAME='agent_type_statechart_stats_log' AND TYPE='VIEW' AND USAGE='LOG'
DELETE FROM AL_DB_OBJECTS WHERE NAME='statistics_log' AND TYPE='VIEW' AND USAGE='LOG'
DELETE FROM AL_DB_OBJECTS WHERE NAME='datasets_log' AND TYPE='VIEW' AND USAGE='LOG'
DELETE FROM AL_DB_OBJECTS WHERE NAME='histograms_log' AND TYPE='VIEW' AND USAGE='LOG'
DELETE FROM AL_DB_OBJECTS WHERE NAME='trace_log' AND TYPE='VIEW' AND USAGE='LOG'
COMMIT
CREATE FUNCTION al_format_agent_type_name_log (agentType LONGVARCHAR) RETURNS LONGVARCHAR\u000aBEGIN ATOMIC\u000a\u0009DECLARE dotIndex INT;\u000a\u0009SET dotIndex = LOCATE ('.', REVERSE (agentType));\u000a\u0009IF dotIndex = 0 THEN\u000a\u0009\u0009RETURN agentType;\u000a\u0009END IF;\u000a\u0009RETURN REVERSE (SUBSTRING (REVERSE (agentType), 0, dotIndex));\u000aEND
INSERT INTO AL_DB_OBJECTS VALUES('al_format_agent_type_name_log','FUNCTION','LOG')
COMMIT
CREATE FUNCTION al_format_agent_name_log (name LONGVARCHAR, id INT) RETURNS LONGVARCHAR\u000aBEGIN ATOMIC\u000a\u0009DECLARE index INT;\u000a\u0009DECLARE result LONGVARCHAR;\u000a\u0009SET result = name;\u000a\u0009SET index = LOCATE ('root.', name);\u000a\u0009IF index = 1 THEN\u000a\u0009\u0009SET result = SUBSTRING (result, LENGTH('root.') + 1, LENGTH(result));\u000a\u0009END IF;\u000a\u0009SET index = LOCATE('[', result);\u0009IF index > 0 THEN\u000a\u0009\u0009SET result = CONCAT (result, ' : ', id);\u000a\u0009END IF;\u000a\u0009RETURN result;\u000aEND
INSERT INTO AL_DB_OBJECTS VALUES('al_format_agent_name_log','FUNCTION','LOG')
COMMIT
CREATE CACHED TABLE IF NOT EXISTS agent_types_raw_log (ID INT PRIMARY KEY, NAME VARCHAR(255), COUNTER INT GENERATED BY DEFAULT AS IDENTITY UNIQUE)
INSERT INTO AL_DB_OBJECTS VALUES('agent_types_raw_log','TABLE','LOG')
COMMIT
CREATE CACHED TABLE IF NOT EXISTS agents_raw_log (ID INT PRIMARY KEY, AGENT_TYPE_ID INT, NAME VARCHAR(255), DATE TIMESTAMP, COUNTER INT GENERATED BY DEFAULT AS IDENTITY UNIQUE,  CONSTRAINT AGENT_TYPE_REF FOREIGN KEY (AGENT_TYPE_ID) REFERENCES agent_types_raw_log(Id))
INSERT INTO AL_DB_OBJECTS VALUES('agents_raw_log','TABLE','LOG')
COMMIT
CREATE CACHED TABLE IF NOT EXISTS destroyed_agents_raw_log (AGENT_ID INT, DATE TIMESTAMP, COUNTER INT GENERATED BY DEFAULT AS IDENTITY UNIQUE,  CONSTRAINT DESTROYED_AGENT_REF FOREIGN KEY (AGENT_ID) REFERENCES agents_raw_log(Id) )
INSERT INTO AL_DB_OBJECTS VALUES('destroyed_agents_raw_log','TABLE','LOG')
COMMIT
CREATE CACHED TABLE IF NOT EXISTS agent_parameters_raw_log (AGENT_ID INT, PARAMETER_NAME VARCHAR(255), PARAMETER_VALUE LONGVARCHAR, COUNTER INT GENERATED BY DEFAULT AS IDENTITY UNIQUE, CONSTRAINT AGENT_PARAMETERS_AGENT_REF FOREIGN KEY (AGENT_ID) REFERENCES agents_raw_log(Id) )
INSERT INTO AL_DB_OBJECTS VALUES('agent_parameters_raw_log','TABLE','LOG')
COMMIT
CREATE CACHED TABLE IF NOT EXISTS agent_type_elements_raw_log (ID INT PRIMARY KEY, AGENT_TYPE_ID INT, NAME VARCHAR(255), COUNTER INT GENERATED BY DEFAULT AS IDENTITY UNIQUE, CONSTRAINT ELEMENT_TO_AGENT_TYPE_REF FOREIGN KEY (AGENT_TYPE_ID) REFERENCES agent_types_raw_log(Id))
INSERT INTO AL_DB_OBJECTS VALUES('agent_type_elements_raw_log','TABLE','LOG')
COMMIT
CREATE CACHED TABLE IF NOT EXISTS agent_type_statecharts_raw_log (STATECHART_ID INT, ELEMENT_ID INT, COUNTER INT GENERATED BY DEFAULT AS IDENTITY UNIQUE, CONSTRAINT STATECHARTS_STATECHART_TO_ELEMENT_REF FOREIGN KEY (STATECHART_ID) REFERENCES agent_type_elements_raw_log(Id),CONSTRAINT STATECHARTS_ELEMENT_TO_ELEMENT_REF FOREIGN KEY (ELEMENT_ID) REFERENCES agent_type_elements_raw_log(Id))
INSERT INTO AL_DB_OBJECTS VALUES('agent_type_statecharts_raw_log','TABLE','LOG')
COMMIT
CREATE CACHED TABLE IF NOT EXISTS agent_elements_raw_log (ID INT PRIMARY KEY, AGENT_ID INT, NAME VARCHAR(255), COUNTER INT GENERATED BY DEFAULT AS IDENTITY UNIQUE, CONSTRAINT ELEMENT_TO_AGENT_REF FOREIGN KEY (AGENT_ID) REFERENCES agents_raw_log(Id))
INSERT INTO AL_DB_OBJECTS VALUES('agent_elements_raw_log','TABLE','LOG')
COMMIT
CREATE CACHED TABLE IF NOT EXISTS trace_raw_log (COUNTER INT GENERATED BY DEFAULT AS IDENTITY UNIQUE,  AGENT_ID INT, DATE TIMESTAMP, MESSAGE_TEXT LONGVARCHAR, CONSTRAINT TRACE_LOG_AGENT_REF FOREIGN KEY (AGENT_ID) REFERENCES agents_raw_log(Id))
INSERT INTO AL_DB_OBJECTS VALUES('trace_raw_log','TABLE','LOG')
COMMIT
CREATE CACHED TABLE IF NOT EXISTS statechart_states_raw_log (AGENT_ID INT, STATE_ID INT, ENTRY_DATE TIMESTAMP, EXIT_DATE TIMESTAMP, COUNTER INT GENERATED BY DEFAULT AS IDENTITY UNIQUE, CONSTRAINT STATECHART_STATES_AGENT_REF FOREIGN KEY (AGENT_ID) REFERENCES agents_raw_log(ID),CONSTRAINT STATECHART_STATES_STATE_REF FOREIGN KEY (STATE_ID) REFERENCES agent_type_elements_raw_log(ID))
INSERT INTO AL_DB_OBJECTS VALUES('statechart_states_raw_log','TABLE','LOG')
COMMIT
CREATE CACHED TABLE IF NOT EXISTS statechart_transitions_raw_log (AGENT_ID INT, TRANSITION_ID INT, FROM_STATE_ID INT, DATE TIMESTAMP, COUNTER INT GENERATED BY DEFAULT AS IDENTITY UNIQUE, CONSTRAINT STATECHART_AGENT_REF FOREIGN KEY (AGENT_ID) REFERENCES agents_raw_log(ID),CONSTRAINT TRANSITION_REF FOREIGN KEY (TRANSITION_ID) REFERENCES agent_type_elements_raw_log(ID),CONSTRAINT FROM_STATE_REF FOREIGN KEY (FROM_STATE_ID) REFERENCES agent_type_elements_raw_log(ID))
INSERT INTO AL_DB_OBJECTS VALUES('statechart_transitions_raw_log','TABLE','LOG')
COMMIT
CREATE CACHED TABLE IF NOT EXISTS events_raw_log (EVENT_ID INT, DATE TIMESTAMP, COUNTER INT GENERATED BY DEFAULT AS IDENTITY UNIQUE, CONSTRAINT EVENT_REF FOREIGN KEY (EVENT_ID) REFERENCES agent_type_elements_raw_log(ID))
INSERT INTO AL_DB_OBJECTS VALUES('events_raw_log','TABLE','LOG')
COMMIT
CREATE CACHED TABLE IF NOT EXISTS agent_movement_raw_log (AGENT_ID INT, SPEED FLOAT, START_DATE TIMESTAMP, STOP_DATE TIMESTAMP, COUNTER INT GENERATED BY DEFAULT AS IDENTITY UNIQUE, CONSTRAINT MOVEMENT_AGENT_REF FOREIGN KEY (AGENT_ID) REFERENCES agents_raw_log(ID))
INSERT INTO AL_DB_OBJECTS VALUES('agent_movement_raw_log','TABLE','LOG')
COMMIT
CREATE CACHED TABLE IF NOT EXISTS agent_messages_raw_log (AGENT_ID INT, SENDER_ID INT, MESSAGE LONGVARCHAR, DATE TIMESTAMP, COUNTER INT GENERATED BY DEFAULT AS IDENTITY UNIQUE,  CONSTRAINT MESSAGES_AGENT_REF FOREIGN KEY (AGENT_ID) REFERENCES agents_raw_log(ID),CONSTRAINT MESSAGES_SENDER_AGENT_REF FOREIGN KEY (SENDER_ID) REFERENCES agents_raw_log(ID))
INSERT INTO AL_DB_OBJECTS VALUES('agent_messages_raw_log','TABLE','LOG')
COMMIT
CREATE CACHED TABLE IF NOT EXISTS flowchart_entries_raw_log (COUNTER INT GENERATED BY DEFAULT AS IDENTITY UNIQUE,  AGENT_ID INT, BLOCK_ID INT, ENTRY_DATE TIMESTAMP, CONSTRAINT FLOWCHART_ENTRIES_ENTITY_AGENT_REF FOREIGN KEY (AGENT_ID) REFERENCES agents_raw_log(ID),CONSTRAINT FLOWCHART_ENTRIES_BLOCK_AGENT_REF FOREIGN KEY (BLOCK_ID) REFERENCES agents_raw_log(ID))
INSERT INTO AL_DB_OBJECTS VALUES('flowchart_entries_raw_log','TABLE','LOG')
COMMIT
CREATE CACHED TABLE IF NOT EXISTS flowchart_process_states_raw_log (AGENT_ID INT, BLOCK_ID INT, ACTIVITY_TYPE VARCHAR(20), START_DATE TIMESTAMP, STOP_DATE TIMESTAMP,  COUNTER INT GENERATED BY DEFAULT AS IDENTITY UNIQUE, CONSTRAINT FLOWCHART_PROCESS_STATES_ENTITY_AGENT_REF FOREIGN KEY (AGENT_ID) REFERENCES agents_raw_log(ID),CONSTRAINT FLOWCHART_PROCESS_STATES_BLOCK_AGENT_REF FOREIGN KEY (BLOCK_ID) REFERENCES agents_raw_log(ID))
INSERT INTO AL_DB_OBJECTS VALUES('flowchart_process_states_raw_log','TABLE','LOG')
COMMIT
CREATE CACHED TABLE IF NOT EXISTS statistics_raw_log (AGENT_ID INT, NAME VARCHAR(255), MEAN FLOAT, DEVIATION FLOAT, MINIMUM FLOAT, MAXIMUM FLOAT, MEAN_CONFIDENCE FLOAT, NUMBER INT, COUNTER INT GENERATED BY DEFAULT AS IDENTITY UNIQUE, CONSTRAINT STATISTICS_AGENT_REF FOREIGN KEY (AGENT_ID) REFERENCES agents_raw_log(ID))
INSERT INTO AL_DB_OBJECTS VALUES('statistics_raw_log','TABLE','LOG')
COMMIT
CREATE CACHED TABLE IF NOT EXISTS datasets_raw_log (ELEMENT_ID INT, INDEX INT, X FLOAT, Y FLOAT, COUNTER INT GENERATED BY DEFAULT AS IDENTITY UNIQUE, CONSTRAINT DATASETS_ELEMENT_REF FOREIGN KEY (ELEMENT_ID) REFERENCES agent_elements_raw_log(ID))
INSERT INTO AL_DB_OBJECTS VALUES('datasets_raw_log','TABLE','LOG')
COMMIT
CREATE CACHED TABLE IF NOT EXISTS histograms_raw_log (ELEMENT_ID INT, START FLOAT, END FLOAT, PDF FLOAT, CDF FLOAT, COUNTER INT GENERATED BY DEFAULT AS IDENTITY UNIQUE, CONSTRAINT HISTOGRAMS_ELEMENT_REF FOREIGN KEY (ELEMENT_ID) REFERENCES agent_elements_raw_log(ID))
INSERT INTO AL_DB_OBJECTS VALUES('histograms_raw_log','TABLE','LOG')
COMMIT
CREATE CACHED TABLE IF NOT EXISTS resource_unit_states_raw_log (UNIT_ID INT, POOL_ID INT, USAGE_STATE VARCHAR(20), TASK_TYPE VARCHAR(20), AGENT_ID INT, TASK_ID INT, START_DATE TIMESTAMP, STOP_DATE TIMESTAMP, COUNTER INT GENERATED BY DEFAULT AS IDENTITY UNIQUE, CONSTRAINT RESOURCE_UNIT_STATES_UNIT_AGENT_REF FOREIGN KEY (UNIT_ID) REFERENCES agents_raw_log(ID),CONSTRAINT RESOURCE_UNIT_STATES_POOL_AGENT_REF FOREIGN KEY (POOL_ID) REFERENCES agents_raw_log(ID),CONSTRAINT RESOURCE_UNIT_STATES_AGENT_AGENT_REF FOREIGN KEY (AGENT_ID) REFERENCES agents_raw_log(ID),CONSTRAINT RESOURCE_UNIT_STATES_TASK_AGENT_REF FOREIGN KEY (TASK_ID) REFERENCES agents_raw_log(ID))
INSERT INTO AL_DB_OBJECTS VALUES('resource_unit_states_raw_log','TABLE','LOG')
COMMIT
CREATE CACHED TABLE IF NOT EXISTS resource_pool_utilization_raw_log (POOL_ID INT, UTILIZATION FLOAT, SIZE INT, COUNTER INT GENERATED BY DEFAULT AS IDENTITY UNIQUE, CONSTRAINT RESOURCE_POOL_UTILIZATION_POOL_AGENT_REF FOREIGN KEY (POOL_ID) REFERENCES agents_raw_log(ID))
INSERT INTO AL_DB_OBJECTS VALUES('resource_pool_utilization_raw_log','TABLE','LOG')
COMMIT
CREATE CACHED TABLE IF NOT EXISTS resource_unit_utilization_raw_log (UNIT_ID INT, POOL_ID INT, UTILIZATION FLOAT, COUNTER INT GENERATED BY DEFAULT AS IDENTITY UNIQUE, CONSTRAINT RESOURCE_UNIT_UTILIZATION_UNIT_AGENT_REF FOREIGN KEY (UNIT_ID) REFERENCES agents_raw_log(ID),CONSTRAINT RESOURCE_UNIT_UTILIZATION_POOL_AGENT_REF FOREIGN KEY (POOL_ID) REFERENCES agents_raw_log(ID))
INSERT INTO AL_DB_OBJECTS VALUES('resource_unit_utilization_raw_log','TABLE','LOG')
COMMIT
CREATE CACHED TABLE IF NOT EXISTS fluid_units_raw_log (BLOCK_ID INT, AMOUNT_UNITS VARCHAR(20), RATE_UNITS VARCHAR(20), COUNTER INT GENERATED BY DEFAULT AS IDENTITY UNIQUE, CONSTRAINT FLUID_UNITS_BLOCK_AGENT_REF FOREIGN KEY (BLOCK_ID) REFERENCES agents_raw_log(ID))
INSERT INTO AL_DB_OBJECTS VALUES('fluid_units_raw_log','TABLE','LOG')
COMMIT
CREATE CACHED TABLE IF NOT EXISTS fluid_storages_raw_log (BLOCK_ID INT, MINIMUM FLOAT, MAXIMUM FLOAT, AVERAGE FLOAT, COUNTER INT GENERATED BY DEFAULT AS IDENTITY UNIQUE, CONSTRAINT FLUID_STORAGES_BLOCK_AGENT_REF FOREIGN KEY (BLOCK_ID) REFERENCES agents_raw_log(ID))
INSERT INTO AL_DB_OBJECTS VALUES('fluid_storages_raw_log','TABLE','LOG')
COMMIT
CREATE CACHED TABLE IF NOT EXISTS fluid_rates_raw_log (BLOCK_ID INT, PORT VARCHAR(20), TOTAL FLOAT, MINIMUM FLOAT, MAXIMUM FLOAT, AVERAGE FLOAT, COUNTER INT GENERATED BY DEFAULT AS IDENTITY UNIQUE, CONSTRAINT FLUID_RATES_BLOCK_AGENT_REF FOREIGN KEY (BLOCK_ID) REFERENCES agents_raw_log(ID))
INSERT INTO AL_DB_OBJECTS VALUES('fluid_rates_raw_log','TABLE','LOG')
COMMIT
CREATE CACHED TABLE IF NOT EXISTS fluid_utilization_raw_log (BLOCK_ID INT, UTILIZATION FLOAT, COUNTER INT GENERATED BY DEFAULT AS IDENTITY UNIQUE, CONSTRAINT FLUID_UTILIZATION_BLOCK_AGENT_REF FOREIGN KEY (BLOCK_ID) REFERENCES agents_raw_log(ID))
INSERT INTO AL_DB_OBJECTS VALUES('fluid_utilization_raw_log','TABLE','LOG')
COMMIT
CREATE VIEW agents_log AS SELECT al_format_agent_type_name_log(agent_types.NAME) type, al_format_agent_name_log(agents.NAME, agents.ID) name, agents.DATE BirthDate, destroyed_agents.DATE DeathDate FROM agent_types_raw_log agent_types INNER JOIN agents_raw_log agents ON agent_types.ID = agents.AGENT_TYPE_ID LEFT JOIN destroyed_agents_raw_log destroyed_agents ON agents.ID = destroyed_agents.AGENT_ID WHERE agent_types.NAME NOT LIKE 'com.anylogic.libraries.%' ORDER BY type, name
INSERT INTO AL_DB_OBJECTS VALUES('agents_log','VIEW','LOG')
COMMIT
CREATE VIEW library_blocks_log AS SELECT al_format_agent_type_name_log(agent_types.NAME) type, al_format_agent_name_log(agents.NAME, agents.ID) name, agents.DATE BirthDate, destroyed_agents.DATE DeathDate FROM agent_types_raw_log agent_types INNER JOIN agents_raw_log agents ON agent_types.ID = agents.AGENT_TYPE_ID LEFT JOIN destroyed_agents_raw_log destroyed_agents ON agents.ID = destroyed_agents.AGENT_ID WHERE agent_types.NAME LIKE 'com.anylogic.libraries.%' ORDER BY type, name
INSERT INTO AL_DB_OBJECTS VALUES('library_blocks_log','VIEW','LOG')
COMMIT
CREATE VIEW agent_parameters_log AS SELECT al_format_agent_type_name_log(agent_types.NAME) agent_type, al_format_agent_name_log(agents.NAME, agents.ID) agent, parameters.PARAMETER_NAME parameter_name, parameters.PARAMETER_VALUE parameter_value FROM agent_parameters_raw_log parameters INNER JOIN agents_raw_log agents ON parameters.AGENT_ID = agents.ID INNER JOIN agent_types_raw_log agent_types ON agents.AGENT_TYPE_ID = agent_types.ID WHERE agent_types.NAME NOT LIKE 'com.anylogic.libraries.%' ORDER BY agent_type, agent
INSERT INTO AL_DB_OBJECTS VALUES('agent_parameters_log','VIEW','LOG')
COMMIT
CREATE VIEW library_block_parameters_log AS SELECT al_format_agent_type_name_log(agent_types.NAME) block_type, al_format_agent_name_log(agents.NAME, agents.ID) block, parameters.PARAMETER_NAME parameter_name, parameters.PARAMETER_VALUE parameter_value FROM agent_parameters_raw_log parameters INNER JOIN agents_raw_log agents ON parameters.AGENT_ID = agents.ID INNER JOIN agent_types_raw_log agent_types ON agents.AGENT_TYPE_ID = agent_types.ID WHERE agent_types.NAME LIKE 'com.anylogic.libraries.%' ORDER BY block_type, block
INSERT INTO AL_DB_OBJECTS VALUES('library_block_parameters_log','VIEW','LOG')
COMMIT
CREATE VIEW agent_movement_log AS SELECT al_format_agent_type_name_log(agent_types.NAME) type, al_format_agent_name_log(agents.NAME, agents.ID) agent, agent_movement.SPEED speed, agent_movement.START_DATE start_date, agent_movement.STOP_DATE stop_date FROM agent_movement_raw_log agent_movement INNER JOIN agents_raw_log agents ON agent_movement.AGENT_ID = agents.ID INNER JOIN agent_types_raw_log agent_types ON agents.AGENT_TYPE_ID = agent_types.ID ORDER BY start_date
INSERT INTO AL_DB_OBJECTS VALUES('agent_movement_log','VIEW','LOG')
COMMIT
CREATE VIEW agent_movement_stats_log AS SELECT al_format_agent_type_name_log(agent_types.NAME) type, al_format_agent_name_log(agents.NAME, agents.ID) agent, agent_movement.total_meters total_meters, agent_movement.total_seconds total_seconds, agent_movement.avg_speed_mps avg_speed_mps FROM (   SELECT     AGENT_ID,     SUM(CAST( DATEDIFF('millisecond', START_DATE, STOP_DATE) AS DOUBLE ) * SPEED) / 1000 total_meters,     SUM(CAST( DATEDIFF('millisecond', START_DATE, STOP_DATE) AS DOUBLE )) / 1000 total_seconds,     SUM(CAST( DATEDIFF('millisecond', START_DATE, STOP_DATE) AS DOUBLE ) * SPEED)       / SUM(CAST( DATEDIFF('millisecond', START_DATE, STOP_DATE) AS DOUBLE )) avg_speed_mps   FROM agent_movement_raw_log   GROUP BY AGENT_ID) agent_movement INNER JOIN agents_raw_log agents ON agent_movement.AGENT_ID = agents.ID INNER JOIN agent_types_raw_log agent_types ON agents.AGENT_TYPE_ID = agent_types.ID ORDER BY type, agent
INSERT INTO AL_DB_OBJECTS VALUES('agent_movement_stats_log','VIEW','LOG')
COMMIT
CREATE VIEW agent_messages_log AS SELECT am.MESSAGE message, al_format_agent_name_log(a1.NAME, a1.ID) recipient, al_format_agent_type_name_log(at1.NAME) recipient_type, al_format_agent_name_log(a2.NAME, a2.ID) sender, al_format_agent_type_name_log(at2.NAME) sender_type, am.DATE date, am.COUNTER counter FROM agent_messages_raw_log am INNER JOIN agents_raw_log a1 ON am.AGENT_ID = a1.ID INNER JOIN agent_types_raw_log at1 ON a1.AGENT_TYPE_ID = at1.ID LEFT JOIN agents_raw_log a2 ON am.SENDER_ID = a2.ID LEFT JOIN agent_types_raw_log at2 ON a2.AGENT_TYPE_ID = at2.ID ORDER BY am.COUNTER
INSERT INTO AL_DB_OBJECTS VALUES('agent_messages_log','VIEW','LOG')
COMMIT
CREATE VIEW events_log AS SELECT agent_type_elements.NAME event_name, events.DATE date, al_format_agent_type_name_log(agent_types.NAME) agent_type, al_format_agent_name_log(agents.NAME, agents.ID) agent FROM events_raw_log events INNER JOIN agent_type_elements_raw_log agent_type_elements ON events.EVENT_ID = agent_type_elements.ID INNER JOIN agents_raw_log agents ON agent_type_elements.AGENT_TYPE_ID = agents.ID INNER JOIN agent_types_raw_log agent_types ON agent_type_elements.AGENT_TYPE_ID = agent_types.ID ORDER BY events.DATE
INSERT INTO AL_DB_OBJECTS VALUES('events_log','VIEW','LOG')
COMMIT
CREATE VIEW flowchart_entries_log AS SELECT \u0009flowchart_entries.COUNTER counter, \u0009al_format_agent_type_name_log(agent_types.NAME) agent_type, \u0009al_format_agent_name_log(agents.NAME, agents.ID) agent, \u0009al_format_agent_type_name_log(block_types.NAME) block_type, \u0009al_format_agent_name_log(blocks.NAME, blocks.ID) block, \u0009flowchart_entries.ENTRY_DATE entry_date FROM flowchart_entries_raw_log flowchart_entries INNER JOIN agents_raw_log agents ON flowchart_entries.AGENT_ID = agents.ID INNER JOIN agent_types_raw_log agent_types ON agents.AGENT_TYPE_ID = agent_types.ID LEFT JOIN agents_raw_log blocks ON flowchart_entries.BLOCK_ID = blocks.ID LEFT JOIN agent_types_raw_log block_types ON blocks.AGENT_TYPE_ID = block_types.ID ORDER BY flowchart_entries.ENTRY_DATE
INSERT INTO AL_DB_OBJECTS VALUES('flowchart_entries_log','VIEW','LOG')
COMMIT
CREATE VIEW flowchart_process_states_log AS SELECT al_format_agent_type_name_log(agent_types.NAME) agent_type, al_format_agent_name_log(agents.NAME, agents.ID) agent, al_format_agent_type_name_log(block_types.NAME) block_type, al_format_agent_name_log(blocks.NAME, blocks.ID) block, flowchart_process_states.ACTIVITY_TYPE activity_type, flowchart_process_states.START_DATE start_date, flowchart_process_states.STOP_DATE stop_date FROM flowchart_process_states_raw_log flowchart_process_states INNER JOIN agents_raw_log agents ON flowchart_process_states.AGENT_ID = agents.ID INNER JOIN agent_types_raw_log agent_types ON agents.AGENT_TYPE_ID = agent_types.ID INNER JOIN agents_raw_log blocks ON flowchart_process_states.BLOCK_ID = blocks.ID INNER JOIN agent_types_raw_log block_types ON blocks.AGENT_TYPE_ID = block_types.ID ORDER BY flowchart_process_states.START_DATE
INSERT INTO AL_DB_OBJECTS VALUES('flowchart_process_states_log','VIEW','LOG')
COMMIT
CREATE VIEW flowchart_stats_time_in_state_log AS SELECT al_format_agent_type_name_log(block_types.NAME) block_type, al_format_agent_name_log(blocks.NAME, blocks.ID) block, flowchart_process_states.activity_type activity_type, flowchart_process_states.mean_seconds mean_seconds, flowchart_process_states.total_seconds total_seconds, flowchart_process_states.min_seconds min_seconds, flowchart_process_states.max_seconds max_seconds, flowchart_process_states.n_agents n_agents FROM (   SELECT     BLOCK_ID block_id,     ACTIVITY_TYPE activity_type,     AVG(CAST( DATEDIFF('millisecond', START_DATE, STOP_DATE) AS DOUBLE )) / 1000 mean_seconds,     SUM(CAST( DATEDIFF('millisecond', START_DATE, STOP_DATE) AS DOUBLE )) / 1000 total_seconds,     MIN(CAST( DATEDIFF('millisecond', START_DATE, STOP_DATE) AS DOUBLE )) / 1000 min_seconds,     MAX(CAST( DATEDIFF('millisecond', START_DATE, STOP_DATE) AS DOUBLE )) / 1000 max_seconds,     COUNT( DISTINCT AGENT_ID ) n_agents   FROM flowchart_process_states_raw_log flowchart_process_states   GROUP BY BLOCK_ID, ACTIVITY_TYPE) flowchart_process_states INNER JOIN agents_raw_log blocks ON flowchart_process_states.BLOCK_ID = blocks.ID INNER JOIN agent_types_raw_log block_types ON blocks.AGENT_TYPE_ID = block_types.ID ORDER BY block_type, block, activity_type
INSERT INTO AL_DB_OBJECTS VALUES('flowchart_stats_time_in_state_log','VIEW','LOG')
COMMIT
CREATE VIEW resource_unit_states_log AS SELECT al_format_agent_type_name_log(unit_types.NAME) unit_type, al_format_agent_name_log(units.NAME, units.ID) unit, al_format_agent_name_log(pools.NAME, pools.ID) resource_pool, resource_unit_states.USAGE_STATE usage_state, CASE WHEN resource_unit_states.TASK_TYPE = 'TASK_CUSTOM' THEN al_format_agent_name_log(tasks.NAME, tasks.ID) ELSE resource_unit_states.TASK_TYPE END task, al_format_agent_type_name_log(agent_types.NAME) agent_type, al_format_agent_name_log(agents.NAME, agents.ID) agent, resource_unit_states.START_DATE start_date, resource_unit_states.STOP_DATE stop_date FROM resource_unit_states_raw_log resource_unit_states INNER JOIN agents_raw_log units ON resource_unit_states.UNIT_ID = units.ID INNER JOIN agent_types_raw_log unit_types ON units.AGENT_TYPE_ID = unit_types.ID INNER JOIN agents_raw_log pools ON resource_unit_states.POOL_ID = pools.ID LEFT JOIN agents_raw_log agents ON resource_unit_states.AGENT_ID = agents.ID LEFT JOIN agent_types_raw_log agent_types ON agents.AGENT_TYPE_ID = agent_types.ID LEFT JOIN agents_raw_log tasks ON resource_unit_states.TASK_ID = tasks.ID ORDER BY resource_unit_states.START_DATE
INSERT INTO AL_DB_OBJECTS VALUES('resource_unit_states_log','VIEW','LOG')
COMMIT
CREATE VIEW resource_unit_task_stats_log AS SELECT al_format_agent_type_name_log(unit_types.NAME) unit_type, al_format_agent_name_log(pools.NAME, pools.ID) resource_pool, al_format_agent_name_log(units.NAME, units.ID) unit, CASE WHEN resource_unit_states.TASK_TYPE = 'TASK_CUSTOM' THEN al_format_agent_name_log(tasks.NAME, tasks.ID) ELSE resource_unit_states.TASK_TYPE END task, resource_unit_states.mean_seconds mean_seconds, resource_unit_states.total_seconds total_seconds, resource_unit_states.n_tasks n_tasks FROM (   SELECT     UNIT_ID unit_id,     POOL_ID pool_id,     TASK_TYPE task_type,     TASK_ID task_id,     AVG(CAST( DATEDIFF('millisecond', START_DATE, STOP_DATE) AS DOUBLE )) / 1000 mean_seconds,     SUM(CAST( DATEDIFF('millisecond', START_DATE, STOP_DATE) AS DOUBLE )) / 1000 total_seconds,     COUNT(START_DATE) n_tasks   FROM resource_unit_states_raw_log   GROUP BY UNIT_ID, POOL_ID, TASK_TYPE, TASK_ID ) resource_unit_states INNER JOIN agents_raw_log units ON resource_unit_states.UNIT_ID = units.ID INNER JOIN agent_types_raw_log unit_types ON units.AGENT_TYPE_ID = unit_types.ID INNER JOIN agents_raw_log pools ON resource_unit_states.POOL_ID = pools.ID LEFT JOIN agents_raw_log tasks ON resource_unit_states.TASK_ID = tasks.ID ORDER BY unit_type, resource_pool, unit, resource_unit_states.TASK_TYPE, tasks.NAME
INSERT INTO AL_DB_OBJECTS VALUES('resource_unit_task_stats_log','VIEW','LOG')
COMMIT
CREATE VIEW resource_pool_task_stats_log AS SELECT al_format_agent_type_name_log(unit_types.NAME) unit_type, al_format_agent_name_log(pools.NAME, pools.ID) resource_pool, CASE WHEN resource_unit_states.TASK_TYPE = 'TASK_CUSTOM' THEN tasks.NAME ELSE resource_unit_states.TASK_TYPE END task, resource_unit_states.mean_seconds mean_seconds, resource_unit_states.total_seconds total_seconds, resource_unit_states.n_tasks n_tasks FROM (   SELECT     u.AGENT_TYPE_ID unit_type_id,     s.POOL_ID pool_id,     s.TASK_TYPE task_type,     s.TASK_ID task_id,     AVG(CAST( DATEDIFF('millisecond', s.START_DATE, s.STOP_DATE) AS DOUBLE )) / 1000 mean_seconds,     SUM(CAST( DATEDIFF('millisecond', s.START_DATE, s.STOP_DATE) AS DOUBLE )) / 1000 total_seconds,     COUNT(s.START_DATE) n_tasks   FROM resource_unit_states_raw_log s   INNER JOIN agents_raw_log u ON s.UNIT_ID = u.ID   GROUP BY u.AGENT_TYPE_ID, s.POOL_ID, s.TASK_TYPE, s.TASK_ID ) resource_unit_states INNER JOIN agent_types_raw_log unit_types ON resource_unit_states.unit_type_id = unit_types.ID INNER JOIN agents_raw_log pools ON resource_unit_states.POOL_ID = pools.ID LEFT JOIN agents_raw_log tasks ON resource_unit_states.TASK_ID = tasks.ID ORDER BY unit_type, resource_pool, resource_unit_states.TASK_TYPE, tasks.NAME
INSERT INTO AL_DB_OBJECTS VALUES('resource_pool_task_stats_log','VIEW','LOG')
COMMIT
CREATE VIEW resource_pool_utilization_log AS SELECT al_format_agent_name_log(pools.NAME, pools.ID) resource_pool, resource_pool_utilization.UTILIZATION utilization, resource_pool_utilization.SIZE size FROM resource_pool_utilization_raw_log resource_pool_utilization INNER JOIN agents_raw_log pools ON resource_pool_utilization.POOL_ID = pools.ID ORDER BY resource_pool
INSERT INTO AL_DB_OBJECTS VALUES('resource_pool_utilization_log','VIEW','LOG')
COMMIT
CREATE VIEW resource_unit_utilization_log AS SELECT al_format_agent_type_name_log(unit_types.NAME) unit_type, al_format_agent_name_log(pools.NAME, pools.ID) resource_pool, al_format_agent_name_log(units.NAME, units.ID) unit, resource_unit_utilization.UTILIZATION utilization FROM resource_unit_utilization_raw_log resource_unit_utilization INNER JOIN agents_raw_log units ON resource_unit_utilization.UNIT_ID = units.ID INNER JOIN agent_types_raw_log unit_types ON units.AGENT_TYPE_ID = unit_types.ID INNER JOIN agents_raw_log pools ON resource_unit_utilization.POOL_ID = pools.ID ORDER BY unit_type, resource_pool
INSERT INTO AL_DB_OBJECTS VALUES('resource_unit_utilization_log','VIEW','LOG')
COMMIT
CREATE VIEW fluid_units_log AS SELECT al_format_agent_type_name_log(block_types.NAME) block_type, al_format_agent_name_log(blocks.NAME, blocks.ID) block, units.AMOUNT_UNITS amount_units, units.RATE_UNITS rate_units FROM fluid_units_raw_log units INNER JOIN agents_raw_log blocks ON units.BLOCK_ID = blocks.ID INNER JOIN agent_types_raw_log block_types ON blocks.AGENT_TYPE_ID = block_types.ID ORDER BY block_type, block
INSERT INTO AL_DB_OBJECTS VALUES('fluid_units_log','VIEW','LOG')
COMMIT
CREATE VIEW fluid_storages_log AS SELECT al_format_agent_type_name_log(block_types.NAME) block_type, al_format_agent_name_log(blocks.NAME, blocks.ID) block, storages.MINIMUM minimum, storages.MAXIMUM maximum, storages.AVERAGE average FROM fluid_storages_raw_log storages INNER JOIN agents_raw_log blocks ON storages.BLOCK_ID = blocks.ID INNER JOIN agent_types_raw_log block_types ON blocks.AGENT_TYPE_ID = block_types.ID ORDER BY block_type, block
INSERT INTO AL_DB_OBJECTS VALUES('fluid_storages_log','VIEW','LOG')
COMMIT
CREATE VIEW fluid_rates_log AS SELECT al_format_agent_type_name_log(block_types.NAME) block_type, al_format_agent_name_log(blocks.NAME, blocks.ID) block, rates.PORT port, rates.TOTAL total_amount,rates.MINIMUM minimum_rate, rates.MAXIMUM maximum_rate, rates.AVERAGE average_rate FROM fluid_rates_raw_log rates INNER JOIN agents_raw_log blocks ON rates.BLOCK_ID = blocks.ID INNER JOIN agent_types_raw_log block_types ON blocks.AGENT_TYPE_ID = block_types.ID ORDER BY block_type, block
INSERT INTO AL_DB_OBJECTS VALUES('fluid_rates_log','VIEW','LOG')
COMMIT
CREATE VIEW fluid_utilization_log AS SELECT al_format_agent_type_name_log(block_types.NAME) block_type, al_format_agent_name_log(blocks.NAME, blocks.ID) block, utilization.UTILIZATION utilization FROM fluid_utilization_raw_log utilization INNER JOIN agents_raw_log blocks ON utilization.BLOCK_ID = blocks.ID INNER JOIN agent_types_raw_log block_types ON blocks.AGENT_TYPE_ID = block_types.ID ORDER BY block_type, block
INSERT INTO AL_DB_OBJECTS VALUES('fluid_utilization_log','VIEW','LOG')
COMMIT
CREATE VIEW statechart_transitions_log AS SELECT al_format_agent_type_name_log(agent_types.NAME) agent_type, al_format_agent_name_log(agents.NAME, agents.ID) agent, transitions.NAME transition, states.NAME from_state, statechart_transitions.DATE date FROM statechart_transitions_raw_log statechart_transitions INNER JOIN agents_raw_log agents ON statechart_transitions.AGENT_ID = agents.ID INNER JOIN agent_types_raw_log agent_types ON agents.AGENT_TYPE_ID = agent_types.ID LEFT JOIN agent_type_elements_raw_log transitions ON statechart_transitions.TRANSITION_ID = transitions.ID INNER JOIN agent_type_elements_raw_log states ON statechart_transitions.FROM_STATE_ID = states.ID ORDER BY statechart_transitions.DATE
INSERT INTO AL_DB_OBJECTS VALUES('statechart_transitions_log','VIEW','LOG')
COMMIT
CREATE VIEW agent_statechart_states_log AS SELECT al_format_agent_type_name_log(agent_types.NAME) agent_type, al_format_agent_name_log(agents.NAME, agents.ID) agent, elements_statecharts.NAME statechart, elements_states.NAME state, statechart_states.ENTRY_DATE entry_date, statechart_states.EXIT_DATE exit_date FROM statechart_states_raw_log statechart_states INNER JOIN agents_raw_log agents ON statechart_states.AGENT_ID = agents.ID INNER JOIN agent_types_raw_log agent_types ON agents.AGENT_TYPE_ID = agent_types.ID INNER JOIN agent_type_statecharts_raw_log agent_type_statecharts ON agent_type_statecharts.ELEMENT_ID = statechart_states.STATE_ID INNER JOIN agent_type_elements_raw_log elements_statecharts ON agent_type_statecharts.STATECHART_ID = elements_statecharts.ID INNER JOIN agent_type_elements_raw_log elements_states ON statechart_states.STATE_ID = elements_states.ID ORDER BY agent_type, agent, statechart, statechart_states.ENTRY_DATE
INSERT INTO AL_DB_OBJECTS VALUES('agent_statechart_states_log','VIEW','LOG')
COMMIT
CREATE VIEW agent_statechart_stats_log AS SELECT al_format_agent_type_name_log(agent_types.NAME) agent_type, al_format_agent_name_log(agents.NAME, agents.ID) agent, elements_statecharts.NAME statechart, elements_states.NAME state, statechart_states.mean_seconds mean_seconds, statechart_states.total_seconds total_seconds, statechart_states.n_entries n_entries FROM (   SELECT     AGENT_ID agent_id,     STATE_ID state_id,     AVG(CAST( DATEDIFF('millisecond', ENTRY_DATE, EXIT_DATE) AS DOUBLE )) / 1000 mean_seconds,     SUM(CAST( DATEDIFF('millisecond', ENTRY_DATE, EXIT_DATE) AS DOUBLE )) / 1000 total_seconds,     COUNT(ENTRY_DATE) n_entries   FROM statechart_states_raw_log   GROUP BY AGENT_ID, STATE_ID ) statechart_states INNER JOIN agents_raw_log agents ON statechart_states.AGENT_ID = agents.ID INNER JOIN agent_types_raw_log agent_types ON agents.AGENT_TYPE_ID = agent_types.ID INNER JOIN agent_type_statecharts_raw_log agent_type_statecharts ON agent_type_statecharts.ELEMENT_ID = statechart_states.STATE_ID INNER JOIN agent_type_elements_raw_log elements_statecharts ON agent_type_statecharts.STATECHART_ID = elements_statecharts.ID INNER JOIN agent_type_elements_raw_log elements_states ON statechart_states.STATE_ID = elements_states.ID ORDER BY agent_type, agent, statechart, state
INSERT INTO AL_DB_OBJECTS VALUES('agent_statechart_stats_log','VIEW','LOG')
COMMIT
CREATE VIEW agent_type_statechart_stats_log AS SELECT al_format_agent_type_name_log(agent_types.NAME) agent_type, elements_statecharts.NAME statechart, elements_states.NAME state, statechart_states.mean_seconds mean_seconds, statechart_states.total_seconds total_seconds, statechart_states.min_seconds min_seconds, statechart_states.max_seconds max_seconds, statechart_states.n_entries n_entries FROM (   SELECT     a.AGENT_TYPE_ID agent_type_id,     s.STATE_ID state_id,     AVG(CAST( DATEDIFF('millisecond', s.ENTRY_DATE, s.EXIT_DATE) AS DOUBLE )) / 1000 mean_seconds,     SUM(CAST( DATEDIFF('millisecond', s.ENTRY_DATE, s.EXIT_DATE) AS DOUBLE )) / 1000 total_seconds,     MIN(CAST( DATEDIFF('millisecond', s.ENTRY_DATE, s.EXIT_DATE) AS DOUBLE )) / 1000 min_seconds,     MAX(CAST( DATEDIFF('millisecond', s.ENTRY_DATE, s.EXIT_DATE) AS DOUBLE )) / 1000 max_seconds,     COUNT(s.ENTRY_DATE) n_entries   FROM statechart_states_raw_log s   INNER JOIN agents_raw_log a ON s.AGENT_ID = a.ID   GROUP BY a.AGENT_TYPE_ID, s.STATE_ID ) statechart_states INNER JOIN agent_types_raw_log agent_types ON statechart_states.agent_type_id = agent_types.ID INNER JOIN agent_type_statecharts_raw_log agent_type_statecharts ON agent_type_statecharts.ELEMENT_ID = statechart_states.STATE_ID INNER JOIN agent_type_elements_raw_log elements_statecharts ON agent_type_statecharts.STATECHART_ID = elements_statecharts.ID INNER JOIN agent_type_elements_raw_log elements_states ON statechart_states.STATE_ID = elements_states.ID ORDER BY agent_type, statechart, state
INSERT INTO AL_DB_OBJECTS VALUES('agent_type_statechart_stats_log','VIEW','LOG')
COMMIT
CREATE VIEW statistics_log AS SELECT al_format_agent_type_name_log(agent_types.NAME) agent_type, al_format_agent_name_log(agents.NAME, agents.ID) agent, statistics.NAME name, statistics.MEAN mean, statistics.DEVIATION deviation, statistics.MINIMUM minimum, statistics.MAXIMUM maximum, statistics.MEAN_CONFIDENCE mean_confidence, statistics.NUMBER number FROM statistics_raw_log statistics LEFT JOIN agents_raw_log agents ON statistics.AGENT_ID = agents.ID LEFT JOIN agent_types_raw_log agent_types ON agents.AGENT_TYPE_ID = agent_types.ID ORDER BY agent_type, agent, statistics.NAME
INSERT INTO AL_DB_OBJECTS VALUES('statistics_log','VIEW','LOG')
COMMIT
CREATE VIEW datasets_log AS SELECT al_format_agent_type_name_log(agent_types.NAME) agent_type, al_format_agent_name_log(agents.NAME, agents.ID) agent, agent_elements.NAME name, datasets.INDEX index, datasets.X x, datasets.Y y FROM datasets_raw_log datasets LEFT JOIN agent_elements_raw_log agent_elements ON datasets.ELEMENT_ID = agent_elements.ID LEFT JOIN agents_raw_log agents ON agent_elements.AGENT_ID = agents.ID LEFT JOIN agent_types_raw_log agent_types ON agents.AGENT_TYPE_ID = agent_types.ID ORDER BY agent_type, agent, agent_elements.NAME, datasets.INDEX
INSERT INTO AL_DB_OBJECTS VALUES('datasets_log','VIEW','LOG')
COMMIT
CREATE VIEW histograms_log AS SELECT al_format_agent_type_name_log(agent_types.NAME) agent_type, al_format_agent_name_log(agents.NAME, agents.ID) agent, agent_elements.NAME name, histograms.START start, histograms.END end, histograms.PDF pdf, histograms.CDF cdf FROM histograms_raw_log histograms LEFT JOIN agent_elements_raw_log agent_elements ON histograms.ELEMENT_ID = agent_elements.ID LEFT JOIN agents_raw_log agents ON agent_elements.AGENT_ID = agents.ID LEFT JOIN agent_types_raw_log agent_types ON agents.AGENT_TYPE_ID = agent_types.ID ORDER BY agent_type, agent, agent_elements.NAME, histograms.START
INSERT INTO AL_DB_OBJECTS VALUES('histograms_log','VIEW','LOG')
COMMIT
CREATE VIEW trace_log AS SELECT trace.MESSAGE_TEXT message_text, trace.DATE date, trace.COUNTER counter, al_format_agent_type_name_log(agent_types.NAME) agent_type, al_format_agent_name_log(agents.NAME, agents.ID) agent FROM trace_raw_log trace LEFT JOIN agents_raw_log agents ON trace.AGENT_ID = agents.ID LEFT JOIN agent_types_raw_log agent_types ON agents.AGENT_TYPE_ID = agent_types.ID ORDER BY trace.COUNTER
INSERT INTO AL_DB_OBJECTS VALUES('trace_log','VIEW','LOG')
COMMIT
INSERT INTO AGENT_TYPES_RAW_LOG VALUES(0,'lavarapidonogueira.Main',0)
COMMIT
INSERT INTO AGENTS_RAW_LOG VALUES(0,0,'root','2026-08-01 00:00:00.000000',0)
COMMIT
INSERT INTO AGENT_TYPES_RAW_LOG VALUES(1,'com.anylogic.libraries.processmodeling.Source',1)
COMMIT
INSERT INTO AGENTS_RAW_LOG VALUES(1,1,'?<Source>','2026-08-01 00:00:00.000000',1)
COMMIT
INSERT INTO AGENT_TYPES_RAW_LOG VALUES(2,'com.anylogic.libraries.processmodeling.Seize',2)
COMMIT
INSERT INTO AGENTS_RAW_LOG VALUES(6,2,'?<Seize>','2026-08-01 00:00:00.000000',2)
COMMIT
INSERT INTO AGENT_TYPES_RAW_LOG VALUES(3,'com.anylogic.libraries.processmodeling.Exit',3)
COMMIT
INSERT INTO AGENTS_RAW_LOG VALUES(7,3,'?<Exit>','2026-08-01 00:00:00.000000',3)
COMMIT
INSERT INTO AGENT_TYPES_RAW_LOG VALUES(4,'com.anylogic.libraries.processmodeling.MoveTo',4)
COMMIT
INSERT INTO AGENTS_RAW_LOG VALUES(19,4,'?<MoveTo>','2026-08-01 00:00:00.000000',4)
COMMIT
INSERT INTO AGENT_TYPES_RAW_LOG VALUES(5,'com.anylogic.libraries.processmodeling.SelectOutput',5)
COMMIT
INSERT INTO AGENTS_RAW_LOG VALUES(26,5,'?<SelectOutput>','2026-08-01 00:00:00.000000',5)
COMMIT
INSERT INTO AGENT_TYPES_RAW_LOG VALUES(6,'com.anylogic.libraries.processmodeling.ResourceTaskStart',6)
COMMIT
INSERT INTO AGENTS_RAW_LOG VALUES(33,6,'?<ResourceTaskStart>','2026-08-01 00:00:00.000000',6)
COMMIT
INSERT INTO AGENT_TYPES_RAW_LOG VALUES(7,'com.anylogic.libraries.processmodeling.PlainTransfer',7)
COMMIT
INSERT INTO AGENTS_RAW_LOG VALUES(38,7,'?<PlainTransfer>','2026-08-01 00:00:00.000000',7)
COMMIT
INSERT INTO AGENT_TYPES_RAW_LOG VALUES(8,'com.anylogic.libraries.processmodeling.Delay',8)
COMMIT
INSERT INTO AGENTS_RAW_LOG VALUES(40,8,'?<Delay>','2026-08-01 00:00:00.000000',8)
COMMIT
INSERT INTO AGENT_TYPES_RAW_LOG VALUES(9,'com.anylogic.libraries.processmodeling.Service',9)
COMMIT
INSERT INTO AGENTS_RAW_LOG VALUES(46,9,'?<Service>','2026-08-01 00:00:00.000000',9)
COMMIT
INSERT INTO AGENTS_RAW_LOG VALUES(48,3,'?<Exit>','2026-08-01 00:00:00.000000',10)
COMMIT
INSERT INTO AGENTS_RAW_LOG VALUES(60,4,'?<MoveTo>','2026-08-01 00:00:00.000000',11)
COMMIT
INSERT INTO AGENTS_RAW_LOG VALUES(67,5,'?<SelectOutput>','2026-08-01 00:00:00.000000',12)
COMMIT
INSERT INTO AGENTS_RAW_LOG VALUES(74,6,'?<ResourceTaskStart>','2026-08-01 00:00:00.000000',13)
COMMIT
INSERT INTO AGENTS_RAW_LOG VALUES(79,7,'?<PlainTransfer>','2026-08-01 00:00:00.000000',14)
COMMIT
INSERT INTO AGENT_TYPES_RAW_LOG VALUES(10,'com.anylogic.libraries.processmodeling.Enter',10)
COMMIT
INSERT INTO AGENTS_RAW_LOG VALUES(89,10,'?<Enter>','2026-08-01 00:00:00.000000',15)
COMMIT
INSERT INTO AGENTS_RAW_LOG VALUES(93,4,'?<MoveTo>','2026-08-01 00:00:00.000000',16)
COMMIT
INSERT INTO AGENTS_RAW_LOG VALUES(100,5,'?<SelectOutput>','2026-08-01 00:00:00.000000',17)
COMMIT
INSERT INTO AGENT_TYPES_RAW_LOG VALUES(11,'com.anylogic.libraries.processmodeling.ResourceTaskEnd',11)
COMMIT
INSERT INTO AGENTS_RAW_LOG VALUES(107,11,'?<ResourceTaskEnd>','2026-08-01 00:00:00.000000',18)
COMMIT
INSERT INTO AGENTS_RAW_LOG VALUES(124,5,'?<SelectOutput>','2026-08-01 00:00:00.000000',19)
COMMIT
INSERT INTO AGENT_TYPES_RAW_LOG VALUES(12,'com.anylogic.libraries.processmodeling.ResourcePool',12)
COMMIT
INSERT INTO AGENTS_RAW_LOG VALUES(131,12,'?<ResourcePool>','2026-08-01 00:00:00.000000',20)
COMMIT
INSERT INTO AGENT_TYPES_RAW_LOG VALUES(13,'com.anylogic.libraries.processmodeling.ScheduledTaskQueue_xjal',13)
COMMIT
INSERT INTO AGENTS_RAW_LOG VALUES(133,13,'?<ScheduledTaskQueue_xjal>','2026-08-01 00:00:00.000000',21)
COMMIT
INSERT INTO AGENT_TYPES_RAW_LOG VALUES(14,'com.anylogic.libraries.processmodeling.Release',14)
COMMIT
INSERT INTO AGENTS_RAW_LOG VALUES(134,14,'?<Release>','2026-08-01 00:00:00.000000',22)
COMMIT
INSERT INTO AGENTS_RAW_LOG VALUES(136,10,'?<Enter>','2026-08-01 00:00:00.000000',23)
COMMIT
INSERT INTO AGENTS_RAW_LOG VALUES(140,4,'?<MoveTo>','2026-08-01 00:00:00.000000',24)
COMMIT
INSERT INTO AGENTS_RAW_LOG VALUES(147,5,'?<SelectOutput>','2026-08-01 00:00:00.000000',25)
COMMIT
INSERT INTO AGENTS_RAW_LOG VALUES(154,11,'?<ResourceTaskEnd>','2026-08-01 00:00:00.000000',26)
COMMIT
INSERT INTO AGENTS_RAW_LOG VALUES(171,5,'?<SelectOutput>','2026-08-01 00:00:00.000000',27)
COMMIT
INSERT INTO AGENT_TYPES_RAW_LOG VALUES(15,'com.anylogic.libraries.processmodeling.Queue',15)
COMMIT
INSERT INTO AGENTS_RAW_LOG VALUES(178,15,'?<Queue>','2026-08-01 00:00:00.000000',28)
COMMIT
INSERT INTO AGENTS_RAW_LOG VALUES(189,2,'?<Seize>','2026-08-01 00:00:00.000000',29)
COMMIT
INSERT INTO AGENTS_RAW_LOG VALUES(190,3,'?<Exit>','2026-08-01 00:00:00.000000',30)
COMMIT
INSERT INTO AGENTS_RAW_LOG VALUES(202,4,'?<MoveTo>','2026-08-01 00:00:00.000000',31)
COMMIT
INSERT INTO AGENTS_RAW_LOG VALUES(209,5,'?<SelectOutput>','2026-08-01 00:00:00.000000',32)
COMMIT
INSERT INTO AGENTS_RAW_LOG VALUES(216,6,'?<ResourceTaskStart>','2026-08-01 00:00:00.000000',33)
COMMIT
INSERT INTO AGENTS_RAW_LOG VALUES(221,7,'?<PlainTransfer>','2026-08-01 00:00:00.000000',34)
COMMIT
INSERT INTO AGENTS_RAW_LOG VALUES(223,12,'?<ResourcePool>','2026-08-01 00:00:00.000000',35)
COMMIT
INSERT INTO AGENTS_RAW_LOG VALUES(225,13,'?<ScheduledTaskQueue_xjal>','2026-08-01 00:00:00.000000',36)
COMMIT
INSERT INTO AGENTS_RAW_LOG VALUES(226,12,'?<ResourcePool>','2026-08-01 00:00:00.000000',37)
COMMIT
INSERT INTO AGENTS_RAW_LOG VALUES(228,13,'?<ScheduledTaskQueue_xjal>','2026-08-01 00:00:00.000000',38)
COMMIT
INSERT INTO AGENT_TYPES_RAW_LOG VALUES(16,'com.anylogic.libraries.processmodeling.TimeMeasureStart',16)
COMMIT
INSERT INTO AGENTS_RAW_LOG VALUES(229,16,'?<TimeMeasureStart>','2026-08-01 00:00:00.000000',39)
COMMIT
INSERT INTO AGENTS_RAW_LOG VALUES(231,8,'?<Delay>','2026-08-01 00:00:00.000000',40)
COMMIT
INSERT INTO AGENT_TYPES_RAW_LOG VALUES(17,'com.anylogic.libraries.processmodeling.TimeMeasureEnd',17)
COMMIT
INSERT INTO AGENTS_RAW_LOG VALUES(237,17,'?<TimeMeasureEnd>','2026-08-01 00:00:00.000000',41)
COMMIT
INSERT INTO AGENTS_RAW_LOG VALUES(239,8,'?<Delay>','2026-08-01 00:00:00.000000',42)
COMMIT
INSERT INTO AGENTS_RAW_LOG VALUES(245,8,'?<Delay>','2026-08-01 00:00:00.000000',43)
COMMIT
INSERT INTO AGENTS_RAW_LOG VALUES(251,8,'?<Delay>','2026-08-01 00:00:00.000000',44)
COMMIT
INSERT INTO AGENTS_RAW_LOG VALUES(257,8,'?<Delay>','2026-08-01 00:00:00.000000',45)
COMMIT
INSERT INTO AGENTS_RAW_LOG VALUES(263,14,'?<Release>','2026-08-01 00:00:00.000000',46)
COMMIT
INSERT INTO AGENTS_RAW_LOG VALUES(265,10,'?<Enter>','2026-08-01 00:00:00.000000',47)
COMMIT
INSERT INTO AGENTS_RAW_LOG VALUES(269,4,'?<MoveTo>','2026-08-01 00:00:00.000000',48)
COMMIT
INSERT INTO AGENTS_RAW_LOG VALUES(276,5,'?<SelectOutput>','2026-08-01 00:00:00.000000',49)
COMMIT
INSERT INTO AGENTS_RAW_LOG VALUES(283,11,'?<ResourceTaskEnd>','2026-08-01 00:00:00.000000',50)
COMMIT
INSERT INTO AGENTS_RAW_LOG VALUES(300,5,'?<SelectOutput>','2026-08-01 00:00:00.000000',51)
COMMIT
INSERT INTO AGENTS_RAW_LOG VALUES(307,8,'?<Delay>','2026-08-01 00:00:00.000000',52)
COMMIT
INSERT INTO AGENT_TYPES_RAW_LOG VALUES(18,'com.anylogic.libraries.processmodeling.Sink',18)
COMMIT
INSERT INTO AGENTS_RAW_LOG VALUES(313,18,'?<Sink>','2026-08-01 00:00:00.000000',53)
COMMIT
DELETE FROM AGENTS_RAW_LOG WHERE ID=0
INSERT INTO AGENTS_RAW_LOG VALUES(0,0,'root','2026-08-01 00:00:00.000000',0)
COMMIT
DELETE FROM AGENTS_RAW_LOG WHERE ID=1
INSERT INTO AGENTS_RAW_LOG VALUES(1,1,'root.sourceCarros','2026-08-01 00:00:00.000000',1)
COMMIT
INSERT INTO AGENT_PARAMETERS_RAW_LOG VALUES(1,'arrivalType','RATE_SCHEDULE',0)
COMMIT
INSERT INTO AGENT_PARAMETERS_RAW_LOG VALUES(1,'rate','1.0',1)
COMMIT
INSERT INTO AGENT_PARAMETERS_RAW_LOG VALUES(1,'firstArrivalMode','AFTER_TIMEOUT',2)
COMMIT
INSERT INTO AGENT_PARAMETERS_RAW_LOG VALUES(1,'firstArrivalTime','0.0',3)
COMMIT
INSERT INTO AGENT_PARAMETERS_RAW_LOG VALUES(1,'rateSchedule','Schedule\u000d\u000aPeriod:          1 week(s)\u000d\u000aCurrent value:   0\u000d\u000a  ... since:     -360.000\u000d\u000a               ( Fri, Jul 31, 2026, 6:00:00 PM )\u000d\u000aNext value:      1.91\u000d\u000a  ... occurs in: 480.000\u000d\u000a  ... at date:   Sat, Aug 1, 2026, 8:00:00 AM',4)
COMMIT
INSERT INTO AGENT_PARAMETERS_RAW_LOG VALUES(1,'modifyRate','false',5)
COMMIT
INSERT INTO AGENT_PARAMETERS_RAW_LOG VALUES(1,'arrivalSchedule','null',6)
COMMIT
INSERT INTO AGENT_PARAMETERS_RAW_LOG VALUES(1,'setAgentParametersFromDB','false',7)
COMMIT
INSERT INTO AGENT_PARAMETERS_RAW_LOG VALUES(1,'databaseTable','null',8)
COMMIT
INSERT INTO AGENT_PARAMETERS_RAW_LOG VALUES(1,'multipleEntitiesPerArrival','false',9)
COMMIT
INSERT INTO AGENT_PARAMETERS_RAW_LOG VALUES(1,'limitArrivals','false',10)
COMMIT
INSERT INTO AGENT_PARAMETERS_RAW_LOG VALUES(1,'maxArrivals','1000',11)
COMMIT
INSERT INTO AGENT_PARAMETERS_RAW_LOG VALUES(1,'locationType','LOCATION_NODE',12)
COMMIT
INSERT INTO AGENT_PARAMETERS_RAW_LOG VALUES(1,'locationXYZInNetwork','false',13)
COMMIT
INSERT INTO AGENT_PARAMETERS_RAW_LOG VALUES(1,'enableCustomStartTime','false',14)
COMMIT
INSERT INTO AGENT_PARAMETERS_RAW_LOG VALUES(1,'startTime','0.0',15)
COMMIT
INSERT INTO AGENT_PARAMETERS_RAW_LOG VALUES(1,'addToCustomPopulation','false',16)
COMMIT
INSERT INTO AGENT_PARAMETERS_RAW_LOG VALUES(1,'pushProtocol','true',17)
COMMIT
INSERT INTO AGENT_PARAMETERS_RAW_LOG VALUES(1,'discardHangingEntities','true',18)
COMMIT
DELETE FROM AGENTS_RAW_LOG WHERE ID=6
INSERT INTO AGENTS_RAW_LOG VALUES(6,2,'root.seizePort\u00e3o','2026-08-01 00:00:00.000000',2)
COMMIT
INSERT INTO AGENT_PARAMETERS_RAW_LOG VALUES(6,'seizeFromOnePool','false',19)
COMMIT
INSERT INTO AGENT_PARAMETERS_RAW_LOG VALUES(6,'seizePolicy','SEIZE_WHOLE_SET',20)
COMMIT
INSERT INTO AGENT_PARAMETERS_RAW_LOG VALUES(6,'capacity','2',21)
COMMIT
INSERT INTO AGENT_PARAMETERS_RAW_LOG VALUES(6,'maximumCapacity','false',22)
COMMIT
INSERT INTO AGENT_PARAMETERS_RAW_LOG VALUES(6,'destinationType','DEST_ENTITY',23)
COMMIT
INSERT INTO AGENT_PARAMETERS_RAW_LOG VALUES(6,'entityLocationQueue','null',24)
COMMIT
INSERT INTO AGENT_PARAMETERS_RAW_LOG VALUES(6,'terminatedTaskProcessing','TERMINATED_SEND_TO_ENTER_BLOCK',25)
COMMIT
INSERT INTO AGENT_PARAMETERS_RAW_LOG VALUES(6,'suspendResumeEntities','true',26)
COMMIT
INSERT INTO AGENT_PARAMETERS_RAW_LOG VALUES(6,'customizeResourceChoice','false',27)
COMMIT
INSERT INTO AGENT_PARAMETERS_RAW_LOG VALUES(6,'taskStartBlocksAreConnected','true',28)
COMMIT
INSERT INTO AGENT_PARAMETERS_RAW_LOG VALUES(6,'taskStartBlocks','null',29)
COMMIT
INSERT INTO AGENT_PARAMETERS_RAW_LOG VALUES(6,'enableTimeout','false',30)
COMMIT
INSERT INTO AGENT_PARAMETERS_RAW_LOG VALUES(6,'enablePreemption','false',31)
COMMIT
INSERT INTO AGENT_PARAMETERS_RAW_LOG VALUES(6,'canceledUnitsBehavior','CANCELED_UNITS_STAY_WHERE_THEY_ARE',32)
COMMIT
INSERT INTO AGENT_PARAMETERS_RAW_LOG VALUES(6,'pushProtocol','false',33)
COMMIT
INSERT INTO AGENT_PARAMETERS_RAW_LOG VALUES(6,'restoreEntityLocationOnExit','true',34)
COMMIT
INSERT INTO AGENT_PARAMETERS_RAW_LOG VALUES(6,'forceStatisticsCollection','false',35)
COMMIT
DELETE FROM AGENTS_RAW_LOG WHERE ID=7
INSERT INTO AGENTS_RAW_LOG VALUES(7,3,'root.seizePort\u00e3o.preparedUnitExit','2026-08-01 00:00:00.000000',3)
COMMIT
DELETE FROM AGENTS_RAW_LOG WHERE ID=19
INSERT INTO AGENTS_RAW_LOG VALUES(19,4,'root.seizePort\u00e3o.sendTo','2026-08-01 00:00:00.000000',4)
COMMIT
INSERT INTO AGENT_PARAMETERS_RAW_LOG VALUES(19,'mode','MODE_MOVE_TO',36)
COMMIT
INSERT INTO AGENT_PARAMETERS_RAW_LOG VALUES(19,'destinationType','DEST_AGENT',37)
COMMIT
INSERT INTO AGENT_PARAMETERS_RAW_LOG VALUES(19,'destinationInNetwork','false',38)
COMMIT
INSERT INTO AGENT_PARAMETERS_RAW_LOG VALUES(19,'useOffsets','true',39)
COMMIT
INSERT INTO AGENT_PARAMETERS_RAW_LOG VALUES(19,'straightMovement','false',40)
COMMIT
INSERT INTO AGENT_PARAMETERS_RAW_LOG VALUES(19,'destinationUseRotation','false',41)
COMMIT
INSERT INTO AGENT_PARAMETERS_RAW_LOG VALUES(19,'restoreSpeedOnArrival','false',42)
COMMIT
DELETE FROM AGENTS_RAW_LOG WHERE ID=26
INSERT INTO AGENTS_RAW_LOG VALUES(26,5,'root.seizePort\u00e3o.sendOrNot','2026-08-01 00:00:00.000000',5)
COMMIT
INSERT INTO AGENT_PARAMETERS_RAW_LOG VALUES(26,'conditionIsProbabilistic','false',43)
COMMIT
INSERT INTO AGENT_PARAMETERS_RAW_LOG VALUES(26,'choiceIsVolatile','true',44)
COMMIT
DELETE FROM AGENTS_RAW_LOG WHERE ID=33
INSERT INTO AGENTS_RAW_LOG VALUES(33,6,'root.seizePort\u00e3o.defaultStart','2026-08-01 00:00:00.000000',6)
COMMIT
INSERT INTO AGENT_PARAMETERS_RAW_LOG VALUES(33,'defaultUnitsStart','true',45)
COMMIT
DELETE FROM AGENTS_RAW_LOG WHERE ID=38
INSERT INTO AGENTS_RAW_LOG VALUES(38,7,'root.seizePort\u00e3o.unitInput_xjal','2026-08-01 00:00:00.000000',7)
COMMIT
DELETE FROM AGENTS_RAW_LOG WHERE ID=40
INSERT INTO AGENTS_RAW_LOG VALUES(40,8,'root.delayEntrada','2026-08-01 00:00:00.000000',8)
COMMIT
INSERT INTO AGENT_PARAMETERS_RAW_LOG VALUES(40,'type','TIMEOUT',46)
COMMIT
INSERT INTO AGENT_PARAMETERS_RAW_LOG VALUES(40,'capacity','1',47)
COMMIT
INSERT INTO AGENT_PARAMETERS_RAW_LOG VALUES(40,'maximumCapacity','false',48)
COMMIT
INSERT INTO AGENT_PARAMETERS_RAW_LOG VALUES(40,'entityLocation','null',49)
COMMIT
INSERT INTO AGENT_PARAMETERS_RAW_LOG VALUES(40,'pushProtocol','false',50)
COMMIT
INSERT INTO AGENT_PARAMETERS_RAW_LOG VALUES(40,'restoreEntityLocationOnExit','true',51)
COMMIT
INSERT INTO AGENT_PARAMETERS_RAW_LOG VALUES(40,'forceStatisticsCollection','false',52)
COMMIT
DELETE FROM AGENTS_RAW_LOG WHERE ID=46
INSERT INTO AGENTS_RAW_LOG VALUES(46,9,'root.serviceAtendimento','2026-08-01 00:00:00.000000',9)
COMMIT
INSERT INTO AGENT_PARAMETERS_RAW_LOG VALUES(46,'seizeFromOnePool','false',53)
COMMIT
INSERT INTO AGENT_PARAMETERS_RAW_LOG VALUES(46,'queueCapacity','100',54)
COMMIT
INSERT INTO AGENT_PARAMETERS_RAW_LOG VALUES(46,'maximumCapacity','false',55)
COMMIT
INSERT INTO AGENT_PARAMETERS_RAW_LOG VALUES(46,'destinationType','DEST_ENTITY',56)
COMMIT
INSERT INTO AGENT_PARAMETERS_RAW_LOG VALUES(46,'entityLocationQueue','port\u00e3o',57)
COMMIT
INSERT INTO AGENT_PARAMETERS_RAW_LOG VALUES(46,'entityLocationDelay','null',58)
COMMIT
INSERT INTO AGENT_PARAMETERS_RAW_LOG VALUES(46,'suspendResumeEntities','true',59)
COMMIT
INSERT INTO AGENT_PARAMETERS_RAW_LOG VALUES(46,'customizeResourceChoice','false',60)
COMMIT
INSERT INTO AGENT_PARAMETERS_RAW_LOG VALUES(46,'enableTimeout','false',61)
COMMIT
INSERT INTO AGENT_PARAMETERS_RAW_LOG VALUES(46,'enablePreemption','false',62)
COMMIT
INSERT INTO AGENT_PARAMETERS_RAW_LOG VALUES(46,'restoreEntityLocationOnExit','true',63)
COMMIT
INSERT INTO AGENT_PARAMETERS_RAW_LOG VALUES(46,'forceStatisticsCollection','false',64)
COMMIT
DELETE FROM AGENTS_RAW_LOG WHERE ID=48
INSERT INTO AGENTS_RAW_LOG VALUES(48,3,'root.serviceAtendimento.seize.preparedUnitExit','2026-08-01 00:00:00.000000',10)
COMMIT
DELETE FROM AGENTS_RAW_LOG WHERE ID=60
INSERT INTO AGENTS_RAW_LOG VALUES(60,4,'root.serviceAtendimento.seize.sendTo','2026-08-01 00:00:00.000000',11)
COMMIT
INSERT INTO AGENT_PARAMETERS_RAW_LOG VALUES(60,'mode','MODE_MOVE_TO',65)
COMMIT
INSERT INTO AGENT_PARAMETERS_RAW_LOG VALUES(60,'destinationType','DEST_AGENT',66)
COMMIT
INSERT INTO AGENT_PARAMETERS_RAW_LOG VALUES(60,'destinationInNetwork','false',67)
COMMIT
INSERT INTO AGENT_PARAMETERS_RAW_LOG VALUES(60,'useOffsets','true',68)
COMMIT
INSERT INTO AGENT_PARAMETERS_RAW_LOG VALUES(60,'straightMovement','false',69)
COMMIT
INSERT INTO AGENT_PARAMETERS_RAW_LOG VALUES(60,'destinationUseRotation','false',70)
COMMIT
INSERT INTO AGENT_PARAMETERS_RAW_LOG VALUES(60,'restoreSpeedOnArrival','false',71)
COMMIT
DELETE FROM AGENTS_RAW_LOG WHERE ID=67
INSERT INTO AGENTS_RAW_LOG VALUES(67,5,'root.serviceAtendimento.seize.sendOrNot','2026-08-01 00:00:00.000000',12)
COMMIT
INSERT INTO AGENT_PARAMETERS_RAW_LOG VALUES(67,'conditionIsProbabilistic','false',72)
COMMIT
INSERT INTO AGENT_PARAMETERS_RAW_LOG VALUES(67,'choiceIsVolatile','true',73)
COMMIT
DELETE FROM AGENTS_RAW_LOG WHERE ID=74
INSERT INTO AGENTS_RAW_LOG VALUES(74,6,'root.serviceAtendimento.seize.defaultStart','2026-08-01 00:00:00.000000',13)
COMMIT
INSERT INTO AGENT_PARAMETERS_RAW_LOG VALUES(74,'defaultUnitsStart','true',74)
COMMIT
DELETE FROM AGENTS_RAW_LOG WHERE ID=79
INSERT INTO AGENTS_RAW_LOG VALUES(79,7,'root.serviceAtendimento.seize.unitInput_xjal','2026-08-01 00:00:00.000000',14)
COMMIT
DELETE FROM AGENTS_RAW_LOG WHERE ID=89
INSERT INTO AGENTS_RAW_LOG VALUES(89,10,'root.serviceAtendimento.release.unitWrapUpEnter','2026-08-01 00:00:00.000000',15)
COMMIT
INSERT INTO AGENT_PARAMETERS_RAW_LOG VALUES(89,'locationType','LOCATION_NOT_SPECIFIED',75)
COMMIT
INSERT INTO AGENT_PARAMETERS_RAW_LOG VALUES(89,'locationXYZInNetwork','false',76)
COMMIT
INSERT INTO AGENT_PARAMETERS_RAW_LOG VALUES(89,'addToCustomPopulation','false',77)
COMMIT
INSERT INTO AGENT_PARAMETERS_RAW_LOG VALUES(89,'pushProtocol','true',78)
COMMIT
DELETE FROM AGENTS_RAW_LOG WHERE ID=93
INSERT INTO AGENTS_RAW_LOG VALUES(93,4,'root.serviceAtendimento.release.moveToHome','2026-08-01 00:00:00.000000',16)
COMMIT
INSERT INTO AGENT_PARAMETERS_RAW_LOG VALUES(93,'mode','MODE_MOVE_TO',79)
COMMIT
INSERT INTO AGENT_PARAMETERS_RAW_LOG VALUES(93,'destinationType','DEST_NODE_XYZ',80)
COMMIT
INSERT INTO AGENT_PARAMETERS_RAW_LOG VALUES(93,'destinationInNetwork','false',81)
COMMIT
INSERT INTO AGENT_PARAMETERS_RAW_LOG VALUES(93,'useOffsets','false',82)
COMMIT
INSERT INTO AGENT_PARAMETERS_RAW_LOG VALUES(93,'straightMovement','false',83)
COMMIT
INSERT INTO AGENT_PARAMETERS_RAW_LOG VALUES(93,'destinationUseRotation','true',84)
COMMIT
INSERT INTO AGENT_PARAMETERS_RAW_LOG VALUES(93,'restoreSpeedOnArrival','false',85)
COMMIT
DELETE FROM AGENTS_RAW_LOG WHERE ID=100
INSERT INTO AGENTS_RAW_LOG VALUES(100,5,'root.serviceAtendimento.release.goHome','2026-08-01 00:00:00.000000',17)
COMMIT
INSERT INTO AGENT_PARAMETERS_RAW_LOG VALUES(100,'conditionIsProbabilistic','false',86)
COMMIT
INSERT INTO AGENT_PARAMETERS_RAW_LOG VALUES(100,'choiceIsVolatile','true',87)
COMMIT
DELETE FROM AGENTS_RAW_LOG WHERE ID=107
INSERT INTO AGENTS_RAW_LOG VALUES(107,11,'root.serviceAtendimento.release.resourceEnd','2026-08-01 00:00:00.000000',18)
COMMIT
DELETE FROM AGENTS_RAW_LOG WHERE ID=124
INSERT INTO AGENTS_RAW_LOG VALUES(124,5,'root.serviceAtendimento.release.unitOut','2026-08-01 00:00:00.000000',19)
COMMIT
INSERT INTO AGENT_PARAMETERS_RAW_LOG VALUES(124,'conditionIsProbabilistic','false',88)
COMMIT
INSERT INTO AGENT_PARAMETERS_RAW_LOG VALUES(124,'choiceIsVolatile','true',89)
COMMIT
DELETE FROM AGENTS_RAW_LOG WHERE ID=131
INSERT INTO AGENTS_RAW_LOG VALUES(131,12,'root.poolPortao','2026-08-01 00:00:00.000000',20)
COMMIT
INSERT INTO AGENT_PARAMETERS_RAW_LOG VALUES(131,'type','RESOURCE_STATIC',90)
COMMIT
INSERT INTO AGENT_PARAMETERS_RAW_LOG VALUES(131,'capacityDefinitionType','CAPACITY_DIRECT',91)
COMMIT
INSERT INTO AGENT_PARAMETERS_RAW_LOG VALUES(131,'capacity','1',92)
COMMIT
INSERT INTO AGENT_PARAMETERS_RAW_LOG VALUES(131,'capacityBasedOnAttractors','true',93)
COMMIT
INSERT INTO AGENT_PARAMETERS_RAW_LOG VALUES(131,'capacitySchedule','null',94)
COMMIT
INSERT INTO AGENT_PARAMETERS_RAW_LOG VALUES(131,'capacityScheduleOnOff','null',95)
COMMIT
INSERT INTO AGENT_PARAMETERS_RAW_LOG VALUES(131,'shiftGroupSchedules','{}',96)
COMMIT
INSERT INTO AGENT_PARAMETERS_RAW_LOG VALUES(131,'shiftGroupSizes','{}',97)
COMMIT
INSERT INTO AGENT_PARAMETERS_RAW_LOG VALUES(131,'shiftGroupsPlan','null',98)
COMMIT
INSERT INTO AGENT_PARAMETERS_RAW_LOG VALUES(131,'destroyExcessUnits','false',99)
COMMIT
INSERT INTO AGENT_PARAMETERS_RAW_LOG VALUES(131,'speed','10.0',100)
COMMIT
INSERT INTO AGENT_PARAMETERS_RAW_LOG VALUES(131,'homeNodes','{}',101)
COMMIT
INSERT INTO AGENT_PARAMETERS_RAW_LOG VALUES(131,'showDefaultAnimationStatic','true',102)
COMMIT
INSERT INTO AGENT_PARAMETERS_RAW_LOG VALUES(131,'downtimeSource','DOWNTIME_LIST',103)
COMMIT
INSERT INTO AGENT_PARAMETERS_RAW_LOG VALUES(131,'downtimeList','null',104)
COMMIT
INSERT INTO AGENT_PARAMETERS_RAW_LOG VALUES(131,'enableMaintenance','false',105)
COMMIT
INSERT INTO AGENT_PARAMETERS_RAW_LOG VALUES(131,'maintenanceType','MAINTENANCE_DELAY',106)
COMMIT
INSERT INTO AGENT_PARAMETERS_RAW_LOG VALUES(131,'enableFailuresRepairs','false',107)
COMMIT
INSERT INTO AGENT_PARAMETERS_RAW_LOG VALUES(131,'countBusyOnlyTimeToFailure','false',108)
COMMIT
INSERT INTO AGENT_PARAMETERS_RAW_LOG VALUES(131,'repairType','REPAIR_DELAY',109)
COMMIT
INSERT INTO AGENT_PARAMETERS_RAW_LOG VALUES(131,'enableBreaks','false',110)
COMMIT
INSERT INTO AGENT_PARAMETERS_RAW_LOG VALUES(131,'breaksSchedule','null',111)
COMMIT
INSERT INTO AGENT_PARAMETERS_RAW_LOG VALUES(131,'enableCustomTasks','false',112)
COMMIT
INSERT INTO AGENT_PARAMETERS_RAW_LOG VALUES(131,'customTasks','{}',113)
COMMIT
INSERT INTO AGENT_PARAMETERS_RAW_LOG VALUES(131,'customizeRequestChoice','false',114)
COMMIT
INSERT INTO AGENT_PARAMETERS_RAW_LOG VALUES(131,'addToCustomPopulation','false',115)
COMMIT
INSERT INTO AGENT_PARAMETERS_RAW_LOG VALUES(131,'forceStatisticsCollection','false',116)
COMMIT
DELETE FROM AGENTS_RAW_LOG WHERE ID=133
INSERT INTO AGENTS_RAW_LOG VALUES(133,13,'root.poolPortao.scheduledTaskQueue_xjal','2026-08-01 00:00:00.000000',21)
COMMIT
DELETE FROM AGENTS_RAW_LOG WHERE ID=134
INSERT INTO AGENTS_RAW_LOG VALUES(134,14,'root.releasePort\u00e3o','2026-08-01 00:00:00.000000',22)
COMMIT
INSERT INTO AGENT_PARAMETERS_RAW_LOG VALUES(134,'releaseMode','ALL_FROM_POOLS',117)
COMMIT
INSERT INTO AGENT_PARAMETERS_RAW_LOG VALUES(134,'seizeBlocks','{}',118)
COMMIT
DELETE FROM AGENTS_RAW_LOG WHERE ID=136
INSERT INTO AGENTS_RAW_LOG VALUES(136,10,'root.releasePort\u00e3o.unitWrapUpEnter','2026-08-01 00:00:00.000000',23)
COMMIT
INSERT INTO AGENT_PARAMETERS_RAW_LOG VALUES(136,'locationType','LOCATION_NOT_SPECIFIED',119)
COMMIT
INSERT INTO AGENT_PARAMETERS_RAW_LOG VALUES(136,'locationXYZInNetwork','false',120)
COMMIT
INSERT INTO AGENT_PARAMETERS_RAW_LOG VALUES(136,'addToCustomPopulation','false',121)
COMMIT
INSERT INTO AGENT_PARAMETERS_RAW_LOG VALUES(136,'pushProtocol','true',122)
COMMIT
DELETE FROM AGENTS_RAW_LOG WHERE ID=140
INSERT INTO AGENTS_RAW_LOG VALUES(140,4,'root.releasePort\u00e3o.moveToHome','2026-08-01 00:00:00.000000',24)
COMMIT
INSERT INTO AGENT_PARAMETERS_RAW_LOG VALUES(140,'mode','MODE_MOVE_TO',123)
COMMIT
INSERT INTO AGENT_PARAMETERS_RAW_LOG VALUES(140,'destinationType','DEST_NODE_XYZ',124)
COMMIT
INSERT INTO AGENT_PARAMETERS_RAW_LOG VALUES(140,'destinationInNetwork','false',125)
COMMIT
INSERT INTO AGENT_PARAMETERS_RAW_LOG VALUES(140,'useOffsets','false',126)
COMMIT
INSERT INTO AGENT_PARAMETERS_RAW_LOG VALUES(140,'straightMovement','false',127)
COMMIT
INSERT INTO AGENT_PARAMETERS_RAW_LOG VALUES(140,'destinationUseRotation','true',128)
COMMIT
INSERT INTO AGENT_PARAMETERS_RAW_LOG VALUES(140,'restoreSpeedOnArrival','false',129)
COMMIT
DELETE FROM AGENTS_RAW_LOG WHERE ID=147
INSERT INTO AGENTS_RAW_LOG VALUES(147,5,'root.releasePort\u00e3o.goHome','2026-08-01 00:00:00.000000',25)
COMMIT
INSERT INTO AGENT_PARAMETERS_RAW_LOG VALUES(147,'conditionIsProbabilistic','false',130)
COMMIT
INSERT INTO AGENT_PARAMETERS_RAW_LOG VALUES(147,'choiceIsVolatile','true',131)
COMMIT
DELETE FROM AGENTS_RAW_LOG WHERE ID=154
INSERT INTO AGENTS_RAW_LOG VALUES(154,11,'root.releasePort\u00e3o.resourceEnd','2026-08-01 00:00:00.000000',26)
COMMIT
DELETE FROM AGENTS_RAW_LOG WHERE ID=171
INSERT INTO AGENTS_RAW_LOG VALUES(171,5,'root.releasePort\u00e3o.unitOut','2026-08-01 00:00:00.000000',27)
COMMIT
INSERT INTO AGENT_PARAMETERS_RAW_LOG VALUES(171,'conditionIsProbabilistic','false',132)
COMMIT
INSERT INTO AGENT_PARAMETERS_RAW_LOG VALUES(171,'choiceIsVolatile','true',133)
COMMIT
DELETE FROM AGENTS_RAW_LOG WHERE ID=178
INSERT INTO AGENTS_RAW_LOG VALUES(178,15,'root.queueP\u00e1tio','2026-08-01 00:00:00.000000',28)
COMMIT
INSERT INTO AGENT_PARAMETERS_RAW_LOG VALUES(178,'capacity','3',134)
COMMIT
INSERT INTO AGENT_PARAMETERS_RAW_LOG VALUES(178,'maximumCapacity','false',135)
COMMIT
INSERT INTO AGENT_PARAMETERS_RAW_LOG VALUES(178,'entityLocation','espera',136)
COMMIT
INSERT INTO AGENT_PARAMETERS_RAW_LOG VALUES(178,'queuing','QUEUING_FIFO',137)
COMMIT
INSERT INTO AGENT_PARAMETERS_RAW_LOG VALUES(178,'enableTimeout','false',138)
COMMIT
INSERT INTO AGENT_PARAMETERS_RAW_LOG VALUES(178,'enablePreemption','false',139)
COMMIT
INSERT INTO AGENT_PARAMETERS_RAW_LOG VALUES(178,'restoreEntityLocationOnExit','true',140)
COMMIT
INSERT INTO AGENT_PARAMETERS_RAW_LOG VALUES(178,'forceStatisticsCollection','false',141)
COMMIT
DELETE FROM AGENTS_RAW_LOG WHERE ID=189
INSERT INTO AGENTS_RAW_LOG VALUES(189,2,'root.seizeBox','2026-08-01 00:00:00.000000',29)
COMMIT
INSERT INTO AGENT_PARAMETERS_RAW_LOG VALUES(189,'seizeFromOnePool','false',142)
COMMIT
INSERT INTO AGENT_PARAMETERS_RAW_LOG VALUES(189,'seizePolicy','SEIZE_WHOLE_SET',143)
COMMIT
INSERT INTO AGENT_PARAMETERS_RAW_LOG VALUES(189,'capacity','100',144)
COMMIT
INSERT INTO AGENT_PARAMETERS_RAW_LOG VALUES(189,'maximumCapacity','false',145)
COMMIT
INSERT INTO AGENT_PARAMETERS_RAW_LOG VALUES(189,'destinationType','DEST_ENTITY',146)
COMMIT
INSERT INTO AGENT_PARAMETERS_RAW_LOG VALUES(189,'entityLocationQueue','null',147)
COMMIT
INSERT INTO AGENT_PARAMETERS_RAW_LOG VALUES(189,'terminatedTaskProcessing','TERMINATED_SEND_TO_ENTER_BLOCK',148)
COMMIT
INSERT INTO AGENT_PARAMETERS_RAW_LOG VALUES(189,'suspendResumeEntities','true',149)
COMMIT
INSERT INTO AGENT_PARAMETERS_RAW_LOG VALUES(189,'customizeResourceChoice','false',150)
COMMIT
INSERT INTO AGENT_PARAMETERS_RAW_LOG VALUES(189,'taskStartBlocksAreConnected','true',151)
COMMIT
INSERT INTO AGENT_PARAMETERS_RAW_LOG VALUES(189,'taskStartBlocks','null',152)
COMMIT
INSERT INTO AGENT_PARAMETERS_RAW_LOG VALUES(189,'enableTimeout','false',153)
COMMIT
INSERT INTO AGENT_PARAMETERS_RAW_LOG VALUES(189,'enablePreemption','false',154)
COMMIT
INSERT INTO AGENT_PARAMETERS_RAW_LOG VALUES(189,'canceledUnitsBehavior','CANCELED_UNITS_STAY_WHERE_THEY_ARE',155)
COMMIT
INSERT INTO AGENT_PARAMETERS_RAW_LOG VALUES(189,'pushProtocol','false',156)
COMMIT
INSERT INTO AGENT_PARAMETERS_RAW_LOG VALUES(189,'restoreEntityLocationOnExit','true',157)
COMMIT
INSERT INTO AGENT_PARAMETERS_RAW_LOG VALUES(189,'forceStatisticsCollection','false',158)
COMMIT
DELETE FROM AGENTS_RAW_LOG WHERE ID=190
INSERT INTO AGENTS_RAW_LOG VALUES(190,3,'root.seizeBox.preparedUnitExit','2026-08-01 00:00:00.000000',30)
COMMIT
DELETE FROM AGENTS_RAW_LOG WHERE ID=202
INSERT INTO AGENTS_RAW_LOG VALUES(202,4,'root.seizeBox.sendTo','2026-08-01 00:00:00.000000',31)
COMMIT
INSERT INTO AGENT_PARAMETERS_RAW_LOG VALUES(202,'mode','MODE_MOVE_TO',159)
COMMIT
INSERT INTO AGENT_PARAMETERS_RAW_LOG VALUES(202,'destinationType','DEST_AGENT',160)
COMMIT
INSERT INTO AGENT_PARAMETERS_RAW_LOG VALUES(202,'destinationInNetwork','false',161)
COMMIT
INSERT INTO AGENT_PARAMETERS_RAW_LOG VALUES(202,'useOffsets','true',162)
COMMIT
INSERT INTO AGENT_PARAMETERS_RAW_LOG VALUES(202,'straightMovement','false',163)
COMMIT
INSERT INTO AGENT_PARAMETERS_RAW_LOG VALUES(202,'destinationUseRotation','false',164)
COMMIT
INSERT INTO AGENT_PARAMETERS_RAW_LOG VALUES(202,'restoreSpeedOnArrival','false',165)
COMMIT
DELETE FROM AGENTS_RAW_LOG WHERE ID=209
INSERT INTO AGENTS_RAW_LOG VALUES(209,5,'root.seizeBox.sendOrNot','2026-08-01 00:00:00.000000',32)
COMMIT
INSERT INTO AGENT_PARAMETERS_RAW_LOG VALUES(209,'conditionIsProbabilistic','false',166)
COMMIT
INSERT INTO AGENT_PARAMETERS_RAW_LOG VALUES(209,'choiceIsVolatile','true',167)
COMMIT
DELETE FROM AGENTS_RAW_LOG WHERE ID=216
INSERT INTO AGENTS_RAW_LOG VALUES(216,6,'root.seizeBox.defaultStart','2026-08-01 00:00:00.000000',33)
COMMIT
INSERT INTO AGENT_PARAMETERS_RAW_LOG VALUES(216,'defaultUnitsStart','true',168)
COMMIT
DELETE FROM AGENTS_RAW_LOG WHERE ID=221
INSERT INTO AGENTS_RAW_LOG VALUES(221,7,'root.seizeBox.unitInput_xjal','2026-08-01 00:00:00.000000',34)
COMMIT
DELETE FROM AGENTS_RAW_LOG WHERE ID=223
INSERT INTO AGENTS_RAW_LOG VALUES(223,12,'root.poolBox','2026-08-01 00:00:00.000000',35)
COMMIT
INSERT INTO AGENT_PARAMETERS_RAW_LOG VALUES(223,'type','RESOURCE_MOVING',169)
COMMIT
INSERT INTO AGENT_PARAMETERS_RAW_LOG VALUES(223,'capacityDefinitionType','CAPACITY_DIRECT',170)
COMMIT
INSERT INTO AGENT_PARAMETERS_RAW_LOG VALUES(223,'capacity','2',171)
COMMIT
INSERT INTO AGENT_PARAMETERS_RAW_LOG VALUES(223,'capacityBasedOnAttractors','true',172)
COMMIT
INSERT INTO AGENT_PARAMETERS_RAW_LOG VALUES(223,'capacitySchedule','null',173)
COMMIT
INSERT INTO AGENT_PARAMETERS_RAW_LOG VALUES(223,'capacityScheduleOnOff','null',174)
COMMIT
INSERT INTO AGENT_PARAMETERS_RAW_LOG VALUES(223,'shiftGroupSchedules','{}',175)
COMMIT
INSERT INTO AGENT_PARAMETERS_RAW_LOG VALUES(223,'shiftGroupSizes','{}',176)
COMMIT
INSERT INTO AGENT_PARAMETERS_RAW_LOG VALUES(223,'shiftGroupsPlan','null',177)
COMMIT
INSERT INTO AGENT_PARAMETERS_RAW_LOG VALUES(223,'destroyExcessUnits','false',178)
COMMIT
INSERT INTO AGENT_PARAMETERS_RAW_LOG VALUES(223,'speed','10.0',179)
COMMIT
INSERT INTO AGENT_PARAMETERS_RAW_LOG VALUES(223,'homeNodes','{box1, box2}',180)
COMMIT
INSERT INTO AGENT_PARAMETERS_RAW_LOG VALUES(223,'showDefaultAnimationStatic','true',181)
COMMIT
INSERT INTO AGENT_PARAMETERS_RAW_LOG VALUES(223,'downtimeSource','DOWNTIME_LIST',182)
COMMIT
INSERT INTO AGENT_PARAMETERS_RAW_LOG VALUES(223,'downtimeList','null',183)
COMMIT
INSERT INTO AGENT_PARAMETERS_RAW_LOG VALUES(223,'enableMaintenance','false',184)
COMMIT
INSERT INTO AGENT_PARAMETERS_RAW_LOG VALUES(223,'maintenanceType','MAINTENANCE_DELAY',185)
COMMIT
INSERT INTO AGENT_PARAMETERS_RAW_LOG VALUES(223,'enableFailuresRepairs','false',186)
COMMIT
INSERT INTO AGENT_PARAMETERS_RAW_LOG VALUES(223,'countBusyOnlyTimeToFailure','false',187)
COMMIT
INSERT INTO AGENT_PARAMETERS_RAW_LOG VALUES(223,'repairType','REPAIR_DELAY',188)
COMMIT
INSERT INTO AGENT_PARAMETERS_RAW_LOG VALUES(223,'enableBreaks','false',189)
COMMIT
INSERT INTO AGENT_PARAMETERS_RAW_LOG VALUES(223,'breaksSchedule','null',190)
COMMIT
INSERT INTO AGENT_PARAMETERS_RAW_LOG VALUES(223,'enableCustomTasks','false',191)
COMMIT
INSERT INTO AGENT_PARAMETERS_RAW_LOG VALUES(223,'customTasks','{}',192)
COMMIT
INSERT INTO AGENT_PARAMETERS_RAW_LOG VALUES(223,'customizeRequestChoice','false',193)
COMMIT
INSERT INTO AGENT_PARAMETERS_RAW_LOG VALUES(223,'addToCustomPopulation','false',194)
COMMIT
INSERT INTO AGENT_PARAMETERS_RAW_LOG VALUES(223,'forceStatisticsCollection','false',195)
COMMIT
DELETE FROM AGENTS_RAW_LOG WHERE ID=225
INSERT INTO AGENTS_RAW_LOG VALUES(225,13,'root.poolBox.scheduledTaskQueue_xjal','2026-08-01 00:00:00.000000',36)
COMMIT
DELETE FROM AGENTS_RAW_LOG WHERE ID=226
INSERT INTO AGENTS_RAW_LOG VALUES(226,12,'root.poolEquipe','2026-08-01 00:00:00.000000',37)
COMMIT
INSERT INTO AGENT_PARAMETERS_RAW_LOG VALUES(226,'type','RESOURCE_MOVING',196)
COMMIT
INSERT INTO AGENT_PARAMETERS_RAW_LOG VALUES(226,'capacityDefinitionType','CAPACITY_DIRECT',197)
COMMIT
INSERT INTO AGENT_PARAMETERS_RAW_LOG VALUES(226,'capacity','9',198)
COMMIT
INSERT INTO AGENT_PARAMETERS_RAW_LOG VALUES(226,'capacityBasedOnAttractors','true',199)
COMMIT
INSERT INTO AGENT_PARAMETERS_RAW_LOG VALUES(226,'capacitySchedule','null',200)
COMMIT
INSERT INTO AGENT_PARAMETERS_RAW_LOG VALUES(226,'capacityScheduleOnOff','null',201)
COMMIT
INSERT INTO AGENT_PARAMETERS_RAW_LOG VALUES(226,'shiftGroupSchedules','{}',202)
COMMIT
INSERT INTO AGENT_PARAMETERS_RAW_LOG VALUES(226,'shiftGroupSizes','{}',203)
COMMIT
INSERT INTO AGENT_PARAMETERS_RAW_LOG VALUES(226,'shiftGroupsPlan','null',204)
COMMIT
INSERT INTO AGENT_PARAMETERS_RAW_LOG VALUES(226,'destroyExcessUnits','false',205)
COMMIT
INSERT INTO AGENT_PARAMETERS_RAW_LOG VALUES(226,'speed','1.0',206)
COMMIT
INSERT INTO AGENT_PARAMETERS_RAW_LOG VALUES(226,'homeNodes','{}',207)
COMMIT
INSERT INTO AGENT_PARAMETERS_RAW_LOG VALUES(226,'showDefaultAnimationStatic','true',208)
COMMIT
INSERT INTO AGENT_PARAMETERS_RAW_LOG VALUES(226,'downtimeSource','DOWNTIME_LIST',209)
COMMIT
INSERT INTO AGENT_PARAMETERS_RAW_LOG VALUES(226,'downtimeList','null',210)
COMMIT
INSERT INTO AGENT_PARAMETERS_RAW_LOG VALUES(226,'enableMaintenance','false',211)
COMMIT
INSERT INTO AGENT_PARAMETERS_RAW_LOG VALUES(226,'maintenanceType','MAINTENANCE_DELAY',212)
COMMIT
INSERT INTO AGENT_PARAMETERS_RAW_LOG VALUES(226,'enableFailuresRepairs','false',213)
COMMIT
INSERT INTO AGENT_PARAMETERS_RAW_LOG VALUES(226,'countBusyOnlyTimeToFailure','false',214)
COMMIT
INSERT INTO AGENT_PARAMETERS_RAW_LOG VALUES(226,'repairType','REPAIR_DELAY',215)
COMMIT
INSERT INTO AGENT_PARAMETERS_RAW_LOG VALUES(226,'enableBreaks','false',216)
COMMIT
INSERT INTO AGENT_PARAMETERS_RAW_LOG VALUES(226,'breaksSchedule','null',217)
COMMIT
INSERT INTO AGENT_PARAMETERS_RAW_LOG VALUES(226,'enableCustomTasks','false',218)
COMMIT
INSERT INTO AGENT_PARAMETERS_RAW_LOG VALUES(226,'customTasks','{}',219)
COMMIT
INSERT INTO AGENT_PARAMETERS_RAW_LOG VALUES(226,'customizeRequestChoice','false',220)
COMMIT
INSERT INTO AGENT_PARAMETERS_RAW_LOG VALUES(226,'addToCustomPopulation','false',221)
COMMIT
INSERT INTO AGENT_PARAMETERS_RAW_LOG VALUES(226,'forceStatisticsCollection','false',222)
COMMIT
DELETE FROM AGENTS_RAW_LOG WHERE ID=228
INSERT INTO AGENTS_RAW_LOG VALUES(228,13,'root.poolEquipe.scheduledTaskQueue_xjal','2026-08-01 00:00:00.000000',38)
COMMIT
DELETE FROM AGENTS_RAW_LOG WHERE ID=229
INSERT INTO AGENTS_RAW_LOG VALUES(229,16,'root.timeMeasureStart','2026-08-01 00:00:00.000000',39)
COMMIT
DELETE FROM AGENTS_RAW_LOG WHERE ID=231
INSERT INTO AGENTS_RAW_LOG VALUES(231,8,'root.delayTetoeVidro','2026-08-01 00:00:00.000000',40)
COMMIT
INSERT INTO AGENT_PARAMETERS_RAW_LOG VALUES(231,'type','TIMEOUT',223)
COMMIT
INSERT INTO AGENT_PARAMETERS_RAW_LOG VALUES(231,'capacity','1',224)
COMMIT
INSERT INTO AGENT_PARAMETERS_RAW_LOG VALUES(231,'maximumCapacity','false',225)
COMMIT
INSERT INTO AGENT_PARAMETERS_RAW_LOG VALUES(231,'entityLocation','null',226)
COMMIT
INSERT INTO AGENT_PARAMETERS_RAW_LOG VALUES(231,'pushProtocol','false',227)
COMMIT
INSERT INTO AGENT_PARAMETERS_RAW_LOG VALUES(231,'restoreEntityLocationOnExit','true',228)
COMMIT
INSERT INTO AGENT_PARAMETERS_RAW_LOG VALUES(231,'forceStatisticsCollection','false',229)
COMMIT
DELETE FROM AGENTS_RAW_LOG WHERE ID=237
INSERT INTO AGENTS_RAW_LOG VALUES(237,17,'root.timeMeasureEnd','2026-08-01 00:00:00.000000',41)
COMMIT
INSERT INTO AGENT_PARAMETERS_RAW_LOG VALUES(237,'startObjects','{root.timeMeasureStart}',230)
COMMIT
INSERT INTO AGENT_PARAMETERS_RAW_LOG VALUES(237,'datasetCapacity','100',231)
COMMIT
DELETE FROM AGENTS_RAW_LOG WHERE ID=239
INSERT INTO AGENTS_RAW_LOG VALUES(239,8,'root.delayCapo','2026-08-01 00:00:00.000000',42)
COMMIT
INSERT INTO AGENT_PARAMETERS_RAW_LOG VALUES(239,'type','TIMEOUT',232)
COMMIT
INSERT INTO AGENT_PARAMETERS_RAW_LOG VALUES(239,'capacity','1',233)
COMMIT
INSERT INTO AGENT_PARAMETERS_RAW_LOG VALUES(239,'maximumCapacity','false',234)
COMMIT
INSERT INTO AGENT_PARAMETERS_RAW_LOG VALUES(239,'entityLocation','null',235)
COMMIT
INSERT INTO AGENT_PARAMETERS_RAW_LOG VALUES(239,'pushProtocol','false',236)
COMMIT
INSERT INTO AGENT_PARAMETERS_RAW_LOG VALUES(239,'restoreEntityLocationOnExit','true',237)
COMMIT
INSERT INTO AGENT_PARAMETERS_RAW_LOG VALUES(239,'forceStatisticsCollection','false',238)
COMMIT
DELETE FROM AGENTS_RAW_LOG WHERE ID=245
INSERT INTO AGENTS_RAW_LOG VALUES(245,8,'root.delayLaterais','2026-08-01 00:00:00.000000',43)
COMMIT
INSERT INTO AGENT_PARAMETERS_RAW_LOG VALUES(245,'type','TIMEOUT',239)
COMMIT
INSERT INTO AGENT_PARAMETERS_RAW_LOG VALUES(245,'capacity','1',240)
COMMIT
INSERT INTO AGENT_PARAMETERS_RAW_LOG VALUES(245,'maximumCapacity','false',241)
COMMIT
INSERT INTO AGENT_PARAMETERS_RAW_LOG VALUES(245,'entityLocation','null',242)
COMMIT
INSERT INTO AGENT_PARAMETERS_RAW_LOG VALUES(245,'pushProtocol','false',243)
COMMIT
INSERT INTO AGENT_PARAMETERS_RAW_LOG VALUES(245,'restoreEntityLocationOnExit','true',244)
COMMIT
INSERT INTO AGENT_PARAMETERS_RAW_LOG VALUES(245,'forceStatisticsCollection','false',245)
COMMIT
DELETE FROM AGENTS_RAW_LOG WHERE ID=251
INSERT INTO AGENTS_RAW_LOG VALUES(251,8,'root.delayRodas','2026-08-01 00:00:00.000000',44)
COMMIT
INSERT INTO AGENT_PARAMETERS_RAW_LOG VALUES(251,'type','TIMEOUT',246)
COMMIT
INSERT INTO AGENT_PARAMETERS_RAW_LOG VALUES(251,'capacity','1',247)
COMMIT
INSERT INTO AGENT_PARAMETERS_RAW_LOG VALUES(251,'maximumCapacity','false',248)
COMMIT
INSERT INTO AGENT_PARAMETERS_RAW_LOG VALUES(251,'entityLocation','null',249)
COMMIT
INSERT INTO AGENT_PARAMETERS_RAW_LOG VALUES(251,'pushProtocol','false',250)
COMMIT
INSERT INTO AGENT_PARAMETERS_RAW_LOG VALUES(251,'restoreEntityLocationOnExit','true',251)
COMMIT
INSERT INTO AGENT_PARAMETERS_RAW_LOG VALUES(251,'forceStatisticsCollection','false',252)
COMMIT
DELETE FROM AGENTS_RAW_LOG WHERE ID=257
INSERT INTO AGENTS_RAW_LOG VALUES(257,8,'root.delayInterior','2026-08-01 00:00:00.000000',45)
COMMIT
INSERT INTO AGENT_PARAMETERS_RAW_LOG VALUES(257,'type','TIMEOUT',253)
COMMIT
INSERT INTO AGENT_PARAMETERS_RAW_LOG VALUES(257,'capacity','1',254)
COMMIT
INSERT INTO AGENT_PARAMETERS_RAW_LOG VALUES(257,'maximumCapacity','false',255)
COMMIT
INSERT INTO AGENT_PARAMETERS_RAW_LOG VALUES(257,'entityLocation','aspira\u00e7\u00e3o',256)
COMMIT
INSERT INTO AGENT_PARAMETERS_RAW_LOG VALUES(257,'pushProtocol','false',257)
COMMIT
INSERT INTO AGENT_PARAMETERS_RAW_LOG VALUES(257,'restoreEntityLocationOnExit','true',258)
COMMIT
INSERT INTO AGENT_PARAMETERS_RAW_LOG VALUES(257,'forceStatisticsCollection','false',259)
COMMIT
DELETE FROM AGENTS_RAW_LOG WHERE ID=263
INSERT INTO AGENTS_RAW_LOG VALUES(263,14,'root.releaseBox','2026-08-01 00:00:00.000000',46)
COMMIT
INSERT INTO AGENT_PARAMETERS_RAW_LOG VALUES(263,'releaseMode','SPECIFIED_RESOURCES',260)
COMMIT
INSERT INTO AGENT_PARAMETERS_RAW_LOG VALUES(263,'seizeBlocks','{}',261)
COMMIT
DELETE FROM AGENTS_RAW_LOG WHERE ID=265
INSERT INTO AGENTS_RAW_LOG VALUES(265,10,'root.releaseBox.unitWrapUpEnter','2026-08-01 00:00:00.000000',47)
COMMIT
INSERT INTO AGENT_PARAMETERS_RAW_LOG VALUES(265,'locationType','LOCATION_NOT_SPECIFIED',262)
COMMIT
INSERT INTO AGENT_PARAMETERS_RAW_LOG VALUES(265,'locationXYZInNetwork','false',263)
COMMIT
INSERT INTO AGENT_PARAMETERS_RAW_LOG VALUES(265,'addToCustomPopulation','false',264)
COMMIT
INSERT INTO AGENT_PARAMETERS_RAW_LOG VALUES(265,'pushProtocol','true',265)
COMMIT
DELETE FROM AGENTS_RAW_LOG WHERE ID=269
INSERT INTO AGENTS_RAW_LOG VALUES(269,4,'root.releaseBox.moveToHome','2026-08-01 00:00:00.000000',48)
COMMIT
INSERT INTO AGENT_PARAMETERS_RAW_LOG VALUES(269,'mode','MODE_MOVE_TO',266)
COMMIT
INSERT INTO AGENT_PARAMETERS_RAW_LOG VALUES(269,'destinationType','DEST_NODE_XYZ',267)
COMMIT
INSERT INTO AGENT_PARAMETERS_RAW_LOG VALUES(269,'destinationInNetwork','false',268)
COMMIT
INSERT INTO AGENT_PARAMETERS_RAW_LOG VALUES(269,'useOffsets','false',269)
COMMIT
INSERT INTO AGENT_PARAMETERS_RAW_LOG VALUES(269,'straightMovement','false',270)
COMMIT
INSERT INTO AGENT_PARAMETERS_RAW_LOG VALUES(269,'destinationUseRotation','true',271)
COMMIT
INSERT INTO AGENT_PARAMETERS_RAW_LOG VALUES(269,'restoreSpeedOnArrival','false',272)
COMMIT
DELETE FROM AGENTS_RAW_LOG WHERE ID=276
INSERT INTO AGENTS_RAW_LOG VALUES(276,5,'root.releaseBox.goHome','2026-08-01 00:00:00.000000',49)
COMMIT
INSERT INTO AGENT_PARAMETERS_RAW_LOG VALUES(276,'conditionIsProbabilistic','false',273)
COMMIT
INSERT INTO AGENT_PARAMETERS_RAW_LOG VALUES(276,'choiceIsVolatile','true',274)
COMMIT
DELETE FROM AGENTS_RAW_LOG WHERE ID=283
INSERT INTO AGENTS_RAW_LOG VALUES(283,11,'root.releaseBox.resourceEnd','2026-08-01 00:00:00.000000',50)
COMMIT
DELETE FROM AGENTS_RAW_LOG WHERE ID=300
INSERT INTO AGENTS_RAW_LOG VALUES(300,5,'root.releaseBox.unitOut','2026-08-01 00:00:00.000000',51)
COMMIT
INSERT INTO AGENT_PARAMETERS_RAW_LOG VALUES(300,'conditionIsProbabilistic','false',275)
COMMIT
INSERT INTO AGENT_PARAMETERS_RAW_LOG VALUES(300,'choiceIsVolatile','true',276)
COMMIT
DELETE FROM AGENTS_RAW_LOG WHERE ID=307
INSERT INTO AGENTS_RAW_LOG VALUES(307,8,'root.delayTraseira','2026-08-01 00:00:00.000000',52)
COMMIT
INSERT INTO AGENT_PARAMETERS_RAW_LOG VALUES(307,'type','TIMEOUT',277)
COMMIT
INSERT INTO AGENT_PARAMETERS_RAW_LOG VALUES(307,'capacity','1',278)
COMMIT
INSERT INTO AGENT_PARAMETERS_RAW_LOG VALUES(307,'maximumCapacity','false',279)
COMMIT
INSERT INTO AGENT_PARAMETERS_RAW_LOG VALUES(307,'entityLocation','null',280)
COMMIT
INSERT INTO AGENT_PARAMETERS_RAW_LOG VALUES(307,'pushProtocol','false',281)
COMMIT
INSERT INTO AGENT_PARAMETERS_RAW_LOG VALUES(307,'restoreEntityLocationOnExit','true',282)
COMMIT
INSERT INTO AGENT_PARAMETERS_RAW_LOG VALUES(307,'forceStatisticsCollection','false',283)
COMMIT
DELETE FROM AGENTS_RAW_LOG WHERE ID=313
INSERT INTO AGENTS_RAW_LOG VALUES(313,18,'root.sink','2026-08-01 00:00:00.000000',53)
COMMIT
INSERT INTO AGENT_TYPES_RAW_LOG VALUES(19,'com.anylogic.libraries.processmodeling.PMLSettings',19)
COMMIT
INSERT INTO AGENTS_RAW_LOG VALUES(315,19,'?<PMLSettings>','2026-08-01 00:00:00.000000',54)
COMMIT
INSERT INTO AGENTS_RAW_LOG VALUES(318,10,'?<Enter>','2026-08-01 00:00:00.000000',55)
COMMIT
INSERT INTO AGENTS_RAW_LOG VALUES(322,4,'?<MoveTo>','2026-08-01 00:00:00.000000',56)
COMMIT
INSERT INTO AGENTS_RAW_LOG VALUES(329,5,'?<SelectOutput>','2026-08-01 00:00:00.000000',57)
COMMIT
INSERT INTO AGENTS_RAW_LOG VALUES(336,11,'?<ResourceTaskEnd>','2026-08-01 00:00:00.000000',58)
COMMIT
INSERT INTO AGENTS_RAW_LOG VALUES(353,5,'?<SelectOutput>','2026-08-01 00:00:00.000000',59)
COMMIT
INSERT INTO AGENTS_RAW_LOG VALUES(362,10,'?<Enter>','2026-08-01 00:00:00.000000',60)
COMMIT
INSERT INTO AGENTS_RAW_LOG VALUES(366,4,'?<MoveTo>','2026-08-01 00:00:00.000000',61)
COMMIT
INSERT INTO AGENTS_RAW_LOG VALUES(373,5,'?<SelectOutput>','2026-08-01 00:00:00.000000',62)
COMMIT
INSERT INTO AGENTS_RAW_LOG VALUES(380,11,'?<ResourceTaskEnd>','2026-08-01 00:00:00.000000',63)
COMMIT
INSERT INTO AGENTS_RAW_LOG VALUES(397,5,'?<SelectOutput>','2026-08-01 00:00:00.000000',64)
COMMIT
DELETE FROM AGENTS_RAW_LOG WHERE ID=315
INSERT INTO AGENTS_RAW_LOG VALUES(315,19,'root.?<PMLSettings>','2026-08-01 00:00:00.000000',54)
COMMIT
INSERT INTO AGENT_PARAMETERS_RAW_LOG VALUES(315,'offsetForAttachedUnits','10.0',284)
COMMIT
INSERT INTO AGENT_PARAMETERS_RAW_LOG VALUES(315,'animationLocationInitialCapacity','100',285)
COMMIT
INSERT INTO AGENT_PARAMETERS_RAW_LOG VALUES(315,'enableStatsByDefault','true',286)
COMMIT
DELETE FROM AGENTS_RAW_LOG WHERE ID=318
INSERT INTO AGENTS_RAW_LOG VALUES(318,10,'root.?<PMLSettings>.releaseForCanceledUnitsReturningHome.unitWrapUpEnter','2026-08-01 00:00:00.000000',55)
COMMIT
INSERT INTO AGENT_PARAMETERS_RAW_LOG VALUES(318,'locationType','LOCATION_NOT_SPECIFIED',287)
COMMIT
INSERT INTO AGENT_PARAMETERS_RAW_LOG VALUES(318,'locationXYZInNetwork','false',288)
COMMIT
INSERT INTO AGENT_PARAMETERS_RAW_LOG VALUES(318,'addToCustomPopulation','false',289)
COMMIT
INSERT INTO AGENT_PARAMETERS_RAW_LOG VALUES(318,'pushProtocol','true',290)
COMMIT
DELETE FROM AGENTS_RAW_LOG WHERE ID=322
INSERT INTO AGENTS_RAW_LOG VALUES(322,4,'root.?<PMLSettings>.releaseForCanceledUnitsReturningHome.moveToHome','2026-08-01 00:00:00.000000',56)
COMMIT
INSERT INTO AGENT_PARAMETERS_RAW_LOG VALUES(322,'mode','MODE_MOVE_TO',291)
COMMIT
INSERT INTO AGENT_PARAMETERS_RAW_LOG VALUES(322,'destinationType','DEST_NODE_XYZ',292)
COMMIT
INSERT INTO AGENT_PARAMETERS_RAW_LOG VALUES(322,'destinationInNetwork','false',293)
COMMIT
INSERT INTO AGENT_PARAMETERS_RAW_LOG VALUES(322,'useOffsets','false',294)
COMMIT
INSERT INTO AGENT_PARAMETERS_RAW_LOG VALUES(322,'straightMovement','false',295)
COMMIT
INSERT INTO AGENT_PARAMETERS_RAW_LOG VALUES(322,'destinationUseRotation','true',296)
COMMIT
INSERT INTO AGENT_PARAMETERS_RAW_LOG VALUES(322,'restoreSpeedOnArrival','false',297)
COMMIT
DELETE FROM AGENTS_RAW_LOG WHERE ID=329
INSERT INTO AGENTS_RAW_LOG VALUES(329,5,'root.?<PMLSettings>.releaseForCanceledUnitsReturningHome.goHome','2026-08-01 00:00:00.000000',57)
COMMIT
INSERT INTO AGENT_PARAMETERS_RAW_LOG VALUES(329,'conditionIsProbabilistic','false',298)
COMMIT
INSERT INTO AGENT_PARAMETERS_RAW_LOG VALUES(329,'choiceIsVolatile','true',299)
COMMIT
DELETE FROM AGENTS_RAW_LOG WHERE ID=336
INSERT INTO AGENTS_RAW_LOG VALUES(336,11,'root.?<PMLSettings>.releaseForCanceledUnitsReturningHome.resourceEnd','2026-08-01 00:00:00.000000',58)
COMMIT
DELETE FROM AGENTS_RAW_LOG WHERE ID=353
INSERT INTO AGENTS_RAW_LOG VALUES(353,5,'root.?<PMLSettings>.releaseForCanceledUnitsReturningHome.unitOut','2026-08-01 00:00:00.000000',59)
COMMIT
INSERT INTO AGENT_PARAMETERS_RAW_LOG VALUES(353,'conditionIsProbabilistic','false',300)
COMMIT
INSERT INTO AGENT_PARAMETERS_RAW_LOG VALUES(353,'choiceIsVolatile','true',301)
COMMIT
DELETE FROM AGENTS_RAW_LOG WHERE ID=362
INSERT INTO AGENTS_RAW_LOG VALUES(362,10,'root.?<PMLSettings>.releaseForCanceledUnitsStayingWhereTheyAre.unitWrapUpEnter','2026-08-01 00:00:00.000000',60)
COMMIT
INSERT INTO AGENT_PARAMETERS_RAW_LOG VALUES(362,'locationType','LOCATION_NOT_SPECIFIED',302)
COMMIT
INSERT INTO AGENT_PARAMETERS_RAW_LOG VALUES(362,'locationXYZInNetwork','false',303)
COMMIT
INSERT INTO AGENT_PARAMETERS_RAW_LOG VALUES(362,'addToCustomPopulation','false',304)
COMMIT
INSERT INTO AGENT_PARAMETERS_RAW_LOG VALUES(362,'pushProtocol','true',305)
COMMIT
DELETE FROM AGENTS_RAW_LOG WHERE ID=366
INSERT INTO AGENTS_RAW_LOG VALUES(366,4,'root.?<PMLSettings>.releaseForCanceledUnitsStayingWhereTheyAre.moveToHome','2026-08-01 00:00:00.000000',61)
COMMIT
INSERT INTO AGENT_PARAMETERS_RAW_LOG VALUES(366,'mode','MODE_MOVE_TO',306)
COMMIT
INSERT INTO AGENT_PARAMETERS_RAW_LOG VALUES(366,'destinationType','DEST_NODE_XYZ',307)
COMMIT
INSERT INTO AGENT_PARAMETERS_RAW_LOG VALUES(366,'destinationInNetwork','false',308)
COMMIT
INSERT INTO AGENT_PARAMETERS_RAW_LOG VALUES(366,'useOffsets','false',309)
COMMIT
INSERT INTO AGENT_PARAMETERS_RAW_LOG VALUES(366,'straightMovement','false',310)
COMMIT
INSERT INTO AGENT_PARAMETERS_RAW_LOG VALUES(366,'destinationUseRotation','true',311)
COMMIT
INSERT INTO AGENT_PARAMETERS_RAW_LOG VALUES(366,'restoreSpeedOnArrival','false',312)
COMMIT
DELETE FROM AGENTS_RAW_LOG WHERE ID=373
INSERT INTO AGENTS_RAW_LOG VALUES(373,5,'root.?<PMLSettings>.releaseForCanceledUnitsStayingWhereTheyAre.goHome','2026-08-01 00:00:00.000000',62)
COMMIT
INSERT INTO AGENT_PARAMETERS_RAW_LOG VALUES(373,'conditionIsProbabilistic','false',313)
COMMIT
INSERT INTO AGENT_PARAMETERS_RAW_LOG VALUES(373,'choiceIsVolatile','true',314)
COMMIT
DELETE FROM AGENTS_RAW_LOG WHERE ID=380
INSERT INTO AGENTS_RAW_LOG VALUES(380,11,'root.?<PMLSettings>.releaseForCanceledUnitsStayingWhereTheyAre.resourceEnd','2026-08-01 00:00:00.000000',63)
COMMIT
DELETE FROM AGENTS_RAW_LOG WHERE ID=397
INSERT INTO AGENTS_RAW_LOG VALUES(397,5,'root.?<PMLSettings>.releaseForCanceledUnitsStayingWhereTheyAre.unitOut','2026-08-01 00:00:00.000000',64)
COMMIT
INSERT INTO AGENT_PARAMETERS_RAW_LOG VALUES(397,'conditionIsProbabilistic','false',315)
COMMIT
INSERT INTO AGENT_PARAMETERS_RAW_LOG VALUES(397,'choiceIsVolatile','true',316)
COMMIT
INSERT INTO AGENT_TYPES_RAW_LOG VALUES(20,'com.anylogic.engine.Agent',20)
COMMIT
INSERT INTO AGENTS_RAW_LOG VALUES(405,20,'<population>[0]','2026-08-01 00:00:00.000000',65)
COMMIT
DELETE FROM AGENTS_RAW_LOG WHERE ID=405
INSERT INTO AGENTS_RAW_LOG VALUES(405,20,'root.<population>[0]','2026-08-01 00:00:00.000000',65)
COMMIT
INSERT INTO AGENTS_RAW_LOG VALUES(406,20,'<population>[1]','2026-08-01 00:00:00.000000',66)
COMMIT
DELETE FROM AGENTS_RAW_LOG WHERE ID=406
INSERT INTO AGENTS_RAW_LOG VALUES(406,20,'root.<population>[1]','2026-08-01 00:00:00.000000',66)
COMMIT
INSERT INTO AGENTS_RAW_LOG VALUES(407,20,'<population>[2]','2026-08-01 00:00:00.000000',67)
COMMIT
DELETE FROM AGENTS_RAW_LOG WHERE ID=407
INSERT INTO AGENTS_RAW_LOG VALUES(407,20,'root.<population>[2]','2026-08-01 00:00:00.000000',67)
COMMIT
INSERT INTO AGENT_TYPES_RAW_LOG VALUES(21,'lavarapidonogueira.Lavador',21)
COMMIT
INSERT INTO AGENTS_RAW_LOG VALUES(408,21,'<population>[3]','2026-08-01 00:00:00.000000',68)
COMMIT
DELETE FROM AGENTS_RAW_LOG WHERE ID=408
INSERT INTO AGENTS_RAW_LOG VALUES(408,21,'root.<population>[3]','2026-08-01 00:00:00.000000',68)
COMMIT
INSERT INTO AGENT_PARAMETERS_RAW_LOG VALUES(408,'fator','1.0',317)
COMMIT
INSERT INTO AGENT_PARAMETERS_RAW_LOG VALUES(408,'nome','null',318)
COMMIT
INSERT INTO AGENT_PARAMETERS_RAW_LOG VALUES(408,'mu','null',319)
COMMIT
INSERT INTO AGENT_PARAMETERS_RAW_LOG VALUES(408,'sigma','null',320)
COMMIT
INSERT INTO AGENTS_RAW_LOG VALUES(409,21,'<population>[4]','2026-08-01 00:00:00.000000',69)
COMMIT
DELETE FROM AGENTS_RAW_LOG WHERE ID=409
INSERT INTO AGENTS_RAW_LOG VALUES(409,21,'root.<population>[4]','2026-08-01 00:00:00.000000',69)
COMMIT
INSERT INTO AGENT_PARAMETERS_RAW_LOG VALUES(409,'fator','1.0',321)
COMMIT
INSERT INTO AGENT_PARAMETERS_RAW_LOG VALUES(409,'nome','null',322)
COMMIT
INSERT INTO AGENT_PARAMETERS_RAW_LOG VALUES(409,'mu','null',323)
COMMIT
INSERT INTO AGENT_PARAMETERS_RAW_LOG VALUES(409,'sigma','null',324)
COMMIT
INSERT INTO AGENTS_RAW_LOG VALUES(410,21,'<population>[5]','2026-08-01 00:00:00.000000',70)
COMMIT
DELETE FROM AGENTS_RAW_LOG WHERE ID=410
INSERT INTO AGENTS_RAW_LOG VALUES(410,21,'root.<population>[5]','2026-08-01 00:00:00.000000',70)
COMMIT
INSERT INTO AGENT_PARAMETERS_RAW_LOG VALUES(410,'fator','1.0',325)
COMMIT
INSERT INTO AGENT_PARAMETERS_RAW_LOG VALUES(410,'nome','null',326)
COMMIT
INSERT INTO AGENT_PARAMETERS_RAW_LOG VALUES(410,'mu','null',327)
COMMIT
INSERT INTO AGENT_PARAMETERS_RAW_LOG VALUES(410,'sigma','null',328)
COMMIT
INSERT INTO AGENTS_RAW_LOG VALUES(411,21,'<population>[6]','2026-08-01 00:00:00.000000',71)
COMMIT
DELETE FROM AGENTS_RAW_LOG WHERE ID=411
INSERT INTO AGENTS_RAW_LOG VALUES(411,21,'root.<population>[6]','2026-08-01 00:00:00.000000',71)
COMMIT
INSERT INTO AGENT_PARAMETERS_RAW_LOG VALUES(411,'fator','1.0',329)
COMMIT
INSERT INTO AGENT_PARAMETERS_RAW_LOG VALUES(411,'nome','null',330)
COMMIT
INSERT INTO AGENT_PARAMETERS_RAW_LOG VALUES(411,'mu','null',331)
COMMIT
INSERT INTO AGENT_PARAMETERS_RAW_LOG VALUES(411,'sigma','null',332)
COMMIT
INSERT INTO AGENTS_RAW_LOG VALUES(412,21,'<population>[7]','2026-08-01 00:00:00.000000',72)
COMMIT
DELETE FROM AGENTS_RAW_LOG WHERE ID=412
INSERT INTO AGENTS_RAW_LOG VALUES(412,21,'root.<population>[7]','2026-08-01 00:00:00.000000',72)
COMMIT
INSERT INTO AGENT_PARAMETERS_RAW_LOG VALUES(412,'fator','1.0',333)
COMMIT
INSERT INTO AGENT_PARAMETERS_RAW_LOG VALUES(412,'nome','null',334)
COMMIT
INSERT INTO AGENT_PARAMETERS_RAW_LOG VALUES(412,'mu','null',335)
COMMIT
INSERT INTO AGENT_PARAMETERS_RAW_LOG VALUES(412,'sigma','null',336)
COMMIT
INSERT INTO AGENTS_RAW_LOG VALUES(413,21,'<population>[8]','2026-08-01 00:00:00.000000',73)
COMMIT
DELETE FROM AGENTS_RAW_LOG WHERE ID=413
INSERT INTO AGENTS_RAW_LOG VALUES(413,21,'root.<population>[8]','2026-08-01 00:00:00.000000',73)
COMMIT
INSERT INTO AGENT_PARAMETERS_RAW_LOG VALUES(413,'fator','1.0',337)
COMMIT
INSERT INTO AGENT_PARAMETERS_RAW_LOG VALUES(413,'nome','null',338)
COMMIT
INSERT INTO AGENT_PARAMETERS_RAW_LOG VALUES(413,'mu','null',339)
COMMIT
INSERT INTO AGENT_PARAMETERS_RAW_LOG VALUES(413,'sigma','null',340)
COMMIT
INSERT INTO AGENTS_RAW_LOG VALUES(414,21,'<population>[9]','2026-08-01 00:00:00.000000',74)
COMMIT
DELETE FROM AGENTS_RAW_LOG WHERE ID=414
INSERT INTO AGENTS_RAW_LOG VALUES(414,21,'root.<population>[9]','2026-08-01 00:00:00.000000',74)
COMMIT
INSERT INTO AGENT_PARAMETERS_RAW_LOG VALUES(414,'fator','1.0',341)
COMMIT
INSERT INTO AGENT_PARAMETERS_RAW_LOG VALUES(414,'nome','null',342)
COMMIT
INSERT INTO AGENT_PARAMETERS_RAW_LOG VALUES(414,'mu','null',343)
COMMIT
INSERT INTO AGENT_PARAMETERS_RAW_LOG VALUES(414,'sigma','null',344)
COMMIT
INSERT INTO AGENTS_RAW_LOG VALUES(415,21,'<population>[10]','2026-08-01 00:00:00.000000',75)
COMMIT
DELETE FROM AGENTS_RAW_LOG WHERE ID=415
INSERT INTO AGENTS_RAW_LOG VALUES(415,21,'root.<population>[10]','2026-08-01 00:00:00.000000',75)
COMMIT
INSERT INTO AGENT_PARAMETERS_RAW_LOG VALUES(415,'fator','1.0',345)
COMMIT
INSERT INTO AGENT_PARAMETERS_RAW_LOG VALUES(415,'nome','null',346)
COMMIT
INSERT INTO AGENT_PARAMETERS_RAW_LOG VALUES(415,'mu','null',347)
COMMIT
INSERT INTO AGENT_PARAMETERS_RAW_LOG VALUES(415,'sigma','null',348)
COMMIT
INSERT INTO AGENTS_RAW_LOG VALUES(416,21,'<population>[11]','2026-08-01 00:00:00.000000',76)
COMMIT
DELETE FROM AGENTS_RAW_LOG WHERE ID=416
INSERT INTO AGENTS_RAW_LOG VALUES(416,21,'root.<population>[11]','2026-08-01 00:00:00.000000',76)
COMMIT
INSERT INTO AGENT_PARAMETERS_RAW_LOG VALUES(416,'fator','1.0',349)
COMMIT
INSERT INTO AGENT_PARAMETERS_RAW_LOG VALUES(416,'nome','null',350)
COMMIT
INSERT INTO AGENT_PARAMETERS_RAW_LOG VALUES(416,'mu','null',351)
COMMIT
INSERT INTO AGENT_PARAMETERS_RAW_LOG VALUES(416,'sigma','null',352)
COMMIT
INSERT INTO AGENT_TYPES_RAW_LOG VALUES(22,'lavarapidonogueira.Carro',22)
COMMIT
INSERT INTO AGENTS_RAW_LOG VALUES(417,22,'<population>[12]','2026-08-01 08:18:44.894000',77)
COMMIT
DELETE FROM AGENTS_RAW_LOG WHERE ID=417
INSERT INTO AGENTS_RAW_LOG VALUES(417,22,'root.<population>[12]','2026-08-01 08:18:44.894000',77)
COMMIT
INSERT INTO AGENT_PARAMETERS_RAW_LOG VALUES(417,'tipo','0.0',353)
COMMIT
INSERT INTO FLOWCHART_ENTRIES_RAW_LOG VALUES(0,417,1,'2026-08-01 08:18:44.894000')
COMMIT
INSERT INTO FLOWCHART_ENTRIES_RAW_LOG VALUES(1,417,6,'2026-08-01 08:18:44.894000')
COMMIT
INSERT INTO FLOWCHART_ENTRIES_RAW_LOG VALUES(2,417,40,'2026-08-01 08:18:44.894000')
COMMIT
INSERT INTO FLOWCHART_PROCESS_STATES_RAW_LOG VALUES(417,40,'WORK','2026-08-01 08:18:44.894000','2026-08-01 08:22:37.325000',0)
COMMIT
INSERT INTO FLOWCHART_ENTRIES_RAW_LOG VALUES(3,417,134,'2026-08-01 08:22:37.325000')
COMMIT
INSERT INTO RESOURCE_UNIT_STATES_RAW_LOG VALUES(405,131,'USAGE_BUSY','TASK_ENTITY',417,NULL,'2026-08-01 08:18:44.894000','2026-08-01 08:22:37.325000',0)
COMMIT
INSERT INTO FLOWCHART_ENTRIES_RAW_LOG VALUES(4,417,46,'2026-08-01 08:22:37.325000')
COMMIT
INSERT INTO FLOWCHART_PROCESS_STATES_RAW_LOG VALUES(417,46,'WORK','2026-08-01 08:22:37.325000','2026-08-01 08:22:38.006000',1)
COMMIT
INSERT INTO FLOWCHART_ENTRIES_RAW_LOG VALUES(5,417,229,'2026-08-01 08:22:38.006000')
COMMIT
INSERT INTO FLOWCHART_ENTRIES_RAW_LOG VALUES(6,417,178,'2026-08-01 08:22:38.006000')
COMMIT
INSERT INTO FLOWCHART_ENTRIES_RAW_LOG VALUES(7,417,189,'2026-08-01 08:22:38.006000')
COMMIT
INSERT INTO FLOWCHART_ENTRIES_RAW_LOG VALUES(8,406,216,'2026-08-01 08:22:38.006000')
COMMIT
INSERT INTO FLOWCHART_ENTRIES_RAW_LOG VALUES(9,408,216,'2026-08-01 08:22:38.006000')
COMMIT
INSERT INTO FLOWCHART_ENTRIES_RAW_LOG VALUES(10,406,209,'2026-08-01 08:22:38.006000')
COMMIT
INSERT INTO FLOWCHART_ENTRIES_RAW_LOG VALUES(11,406,202,'2026-08-01 08:22:38.006000')
COMMIT
INSERT INTO FLOWCHART_ENTRIES_RAW_LOG VALUES(12,408,209,'2026-08-01 08:22:38.006000')
COMMIT
INSERT INTO FLOWCHART_ENTRIES_RAW_LOG VALUES(13,408,202,'2026-08-01 08:22:38.006000')
COMMIT
INSERT INTO AGENT_MOVEMENT_RAW_LOG VALUES(406,10.0E0,'2026-08-01 08:22:38.006000','2026-08-01 08:22:39.907000',0)
COMMIT
INSERT INTO FLOWCHART_PROCESS_STATES_RAW_LOG VALUES(406,202,'MOVE','2026-08-01 08:22:38.006000','2026-08-01 08:22:39.907000',2)
COMMIT
INSERT INTO FLOWCHART_ENTRIES_RAW_LOG VALUES(14,406,190,'2026-08-01 08:22:39.907000')
COMMIT
INSERT INTO FLOWCHART_ENTRIES_RAW_LOG VALUES(15,406,NULL,'2026-08-01 08:22:39.907000')
COMMIT
INSERT INTO AGENT_MOVEMENT_RAW_LOG VALUES(408,1.0E0,'2026-08-01 08:22:38.006000','2026-08-01 08:23:39.843000',1)
COMMIT
INSERT INTO FLOWCHART_PROCESS_STATES_RAW_LOG VALUES(408,202,'MOVE','2026-08-01 08:22:38.006000','2026-08-01 08:23:39.843000',3)
COMMIT
INSERT INTO FLOWCHART_ENTRIES_RAW_LOG VALUES(16,408,190,'2026-08-01 08:23:39.843000')
COMMIT
INSERT INTO FLOWCHART_ENTRIES_RAW_LOG VALUES(17,408,NULL,'2026-08-01 08:23:39.843000')
COMMIT
INSERT INTO FLOWCHART_PROCESS_STATES_RAW_LOG VALUES(417,189,'WAIT','2026-08-01 08:22:38.006000','2026-08-01 08:23:39.843000',4)
COMMIT
INSERT INTO FLOWCHART_ENTRIES_RAW_LOG VALUES(18,417,237,'2026-08-01 08:23:39.843000')
COMMIT
INSERT INTO FLOWCHART_ENTRIES_RAW_LOG VALUES(19,417,231,'2026-08-01 08:23:39.843000')
COMMIT
INSERT INTO AGENTS_RAW_LOG VALUES(418,22,'<population>[13]','2026-08-01 08:30:20.639000',78)
COMMIT
DELETE FROM AGENTS_RAW_LOG WHERE ID=418
INSERT INTO AGENTS_RAW_LOG VALUES(418,22,'root.<population>[13]','2026-08-01 08:30:20.639000',78)
COMMIT
INSERT INTO AGENT_PARAMETERS_RAW_LOG VALUES(418,'tipo','0.0',354)
COMMIT
INSERT INTO FLOWCHART_ENTRIES_RAW_LOG VALUES(20,418,1,'2026-08-01 08:30:20.639000')
COMMIT
INSERT INTO FLOWCHART_ENTRIES_RAW_LOG VALUES(21,418,6,'2026-08-01 08:30:20.639000')
COMMIT
INSERT INTO FLOWCHART_ENTRIES_RAW_LOG VALUES(22,418,40,'2026-08-01 08:30:20.639000')
COMMIT
INSERT INTO FLOWCHART_PROCESS_STATES_RAW_LOG VALUES(418,40,'WORK','2026-08-01 08:30:20.639000','2026-08-01 08:33:34.888000',5)
COMMIT
INSERT INTO FLOWCHART_ENTRIES_RAW_LOG VALUES(23,418,134,'2026-08-01 08:33:34.888000')
COMMIT
INSERT INTO RESOURCE_UNIT_STATES_RAW_LOG VALUES(405,131,'USAGE_BUSY','TASK_ENTITY',418,NULL,'2026-08-01 08:30:20.639000','2026-08-01 08:33:34.888000',1)
COMMIT
INSERT INTO FLOWCHART_ENTRIES_RAW_LOG VALUES(24,418,46,'2026-08-01 08:33:34.888000')
COMMIT
INSERT INTO FLOWCHART_PROCESS_STATES_RAW_LOG VALUES(418,46,'WORK','2026-08-01 08:33:34.888000','2026-08-01 08:33:35.600000',6)
COMMIT
INSERT INTO FLOWCHART_ENTRIES_RAW_LOG VALUES(25,418,229,'2026-08-01 08:33:35.600000')
COMMIT
INSERT INTO FLOWCHART_ENTRIES_RAW_LOG VALUES(26,418,178,'2026-08-01 08:33:35.600000')
COMMIT
INSERT INTO FLOWCHART_ENTRIES_RAW_LOG VALUES(27,418,189,'2026-08-01 08:33:35.600000')
COMMIT
INSERT INTO FLOWCHART_ENTRIES_RAW_LOG VALUES(28,407,216,'2026-08-01 08:33:35.600000')
COMMIT
INSERT INTO FLOWCHART_ENTRIES_RAW_LOG VALUES(29,409,216,'2026-08-01 08:33:35.600000')
COMMIT
INSERT INTO FLOWCHART_ENTRIES_RAW_LOG VALUES(30,407,209,'2026-08-01 08:33:35.600000')
COMMIT
INSERT INTO FLOWCHART_ENTRIES_RAW_LOG VALUES(31,407,202,'2026-08-01 08:33:35.600000')
COMMIT
INSERT INTO FLOWCHART_ENTRIES_RAW_LOG VALUES(32,409,209,'2026-08-01 08:33:35.600000')
COMMIT
INSERT INTO FLOWCHART_ENTRIES_RAW_LOG VALUES(33,409,202,'2026-08-01 08:33:35.600000')
COMMIT
INSERT INTO AGENT_MOVEMENT_RAW_LOG VALUES(407,10.0E0,'2026-08-01 08:33:35.600000','2026-08-01 08:33:37.967000',2)
COMMIT
INSERT INTO FLOWCHART_PROCESS_STATES_RAW_LOG VALUES(407,202,'MOVE','2026-08-01 08:33:35.600000','2026-08-01 08:33:37.967000',7)
COMMIT
INSERT INTO FLOWCHART_ENTRIES_RAW_LOG VALUES(34,407,190,'2026-08-01 08:33:37.967000')
COMMIT
INSERT INTO FLOWCHART_ENTRIES_RAW_LOG VALUES(35,407,NULL,'2026-08-01 08:33:37.967000')
COMMIT
INSERT INTO AGENT_MOVEMENT_RAW_LOG VALUES(409,1.0E0,'2026-08-01 08:33:35.600000','2026-08-01 08:34:37.643000',3)
COMMIT
INSERT INTO FLOWCHART_PROCESS_STATES_RAW_LOG VALUES(409,202,'MOVE','2026-08-01 08:33:35.600000','2026-08-01 08:34:37.643000',8)
COMMIT
INSERT INTO FLOWCHART_ENTRIES_RAW_LOG VALUES(36,409,190,'2026-08-01 08:34:37.643000')
COMMIT
INSERT INTO FLOWCHART_ENTRIES_RAW_LOG VALUES(37,409,NULL,'2026-08-01 08:34:37.643000')
COMMIT
INSERT INTO FLOWCHART_PROCESS_STATES_RAW_LOG VALUES(417,231,'WORK','2026-08-01 08:23:39.843000','2026-08-01 08:36:03.095000',9)
COMMIT
INSERT INTO FLOWCHART_ENTRIES_RAW_LOG VALUES(38,417,239,'2026-08-01 08:36:03.095000')
COMMIT
INSERT INTO FLOWCHART_PROCESS_STATES_RAW_LOG VALUES(418,189,'WAIT','2026-08-01 08:33:35.600000','2026-08-01 08:36:03.095000',10)
COMMIT
INSERT INTO FLOWCHART_ENTRIES_RAW_LOG VALUES(39,418,237,'2026-08-01 08:36:03.095000')
COMMIT
INSERT INTO FLOWCHART_ENTRIES_RAW_LOG VALUES(40,418,231,'2026-08-01 08:36:03.095000')
COMMIT
INSERT INTO FLOWCHART_PROCESS_STATES_RAW_LOG VALUES(417,239,'WORK','2026-08-01 08:36:03.095000','2026-08-01 08:39:17.317000',11)
COMMIT
INSERT INTO FLOWCHART_ENTRIES_RAW_LOG VALUES(41,417,245,'2026-08-01 08:39:17.317000')
COMMIT
INSERT INTO FLOWCHART_PROCESS_STATES_RAW_LOG VALUES(418,231,'WORK','2026-08-01 08:36:03.095000','2026-08-01 08:43:28.153000',12)
COMMIT
INSERT INTO FLOWCHART_ENTRIES_RAW_LOG VALUES(42,418,239,'2026-08-01 08:43:28.153000')
COMMIT
INSERT INTO FLOWCHART_PROCESS_STATES_RAW_LOG VALUES(417,245,'WORK','2026-08-01 08:39:17.317000','2026-08-01 08:43:59.962000',13)
COMMIT
INSERT INTO FLOWCHART_ENTRIES_RAW_LOG VALUES(43,417,307,'2026-08-01 08:43:59.962000')
COMMIT
INSERT INTO AGENTS_RAW_LOG VALUES(419,22,'<population>[14]','2026-08-01 08:44:40.688000',79)
COMMIT
DELETE FROM AGENTS_RAW_LOG WHERE ID=419
INSERT INTO AGENTS_RAW_LOG VALUES(419,22,'root.<population>[14]','2026-08-01 08:44:40.688000',79)
COMMIT
INSERT INTO AGENT_PARAMETERS_RAW_LOG VALUES(419,'tipo','0.0',355)
COMMIT
INSERT INTO FLOWCHART_ENTRIES_RAW_LOG VALUES(44,419,1,'2026-08-01 08:44:40.688000')
COMMIT
INSERT INTO FLOWCHART_ENTRIES_RAW_LOG VALUES(45,419,6,'2026-08-01 08:44:40.688000')
COMMIT
INSERT INTO FLOWCHART_ENTRIES_RAW_LOG VALUES(46,419,40,'2026-08-01 08:44:40.688000')
COMMIT
INSERT INTO FLOWCHART_PROCESS_STATES_RAW_LOG VALUES(418,239,'WORK','2026-08-01 08:43:28.153000','2026-08-01 08:46:22.417000',14)
COMMIT
INSERT INTO FLOWCHART_ENTRIES_RAW_LOG VALUES(47,418,245,'2026-08-01 08:46:22.417000')
COMMIT
INSERT INTO FLOWCHART_PROCESS_STATES_RAW_LOG VALUES(419,40,'WORK','2026-08-01 08:44:40.688000','2026-08-01 08:46:24.710000',15)
COMMIT
INSERT INTO FLOWCHART_ENTRIES_RAW_LOG VALUES(48,419,134,'2026-08-01 08:46:24.710000')
COMMIT
INSERT INTO RESOURCE_UNIT_STATES_RAW_LOG VALUES(405,131,'USAGE_BUSY','TASK_ENTITY',419,NULL,'2026-08-01 08:44:40.688000','2026-08-01 08:46:24.710000',2)
COMMIT
INSERT INTO FLOWCHART_ENTRIES_RAW_LOG VALUES(49,419,46,'2026-08-01 08:46:24.710000')
COMMIT
INSERT INTO FLOWCHART_PROCESS_STATES_RAW_LOG VALUES(419,46,'WORK','2026-08-01 08:46:24.710000','2026-08-01 08:46:25.451000',16)
COMMIT
INSERT INTO FLOWCHART_ENTRIES_RAW_LOG VALUES(50,419,229,'2026-08-01 08:46:25.451000')
COMMIT
INSERT INTO FLOWCHART_ENTRIES_RAW_LOG VALUES(51,419,178,'2026-08-01 08:46:25.451000')
COMMIT
INSERT INTO FLOWCHART_ENTRIES_RAW_LOG VALUES(52,419,189,'2026-08-01 08:46:25.451000')
COMMIT
INSERT INTO FLOWCHART_PROCESS_STATES_RAW_LOG VALUES(418,245,'WORK','2026-08-01 08:46:22.417000','2026-08-01 08:51:59.765000',17)
COMMIT
INSERT INTO FLOWCHART_PROCESS_STATES_RAW_LOG VALUES(417,307,'WORK','2026-08-01 08:43:59.962000','2026-08-01 08:52:01.524000',18)
COMMIT
INSERT INTO FLOWCHART_ENTRIES_RAW_LOG VALUES(53,417,251,'2026-08-01 08:52:01.524000')
COMMIT
INSERT INTO FLOWCHART_PROCESS_STATES_RAW_LOG VALUES(418,245,'WAIT','2026-08-01 08:51:59.765000','2026-08-01 08:52:01.524000',19)
COMMIT
INSERT INTO FLOWCHART_ENTRIES_RAW_LOG VALUES(54,418,307,'2026-08-01 08:52:01.524000')
COMMIT
INSERT INTO FLOWCHART_PROCESS_STATES_RAW_LOG VALUES(417,251,'WORK','2026-08-01 08:52:01.524000','2026-08-01 08:58:03.606000',20)
COMMIT
INSERT INTO FLOWCHART_ENTRIES_RAW_LOG VALUES(55,417,257,'2026-08-01 08:58:03.606000')
COMMIT
INSERT INTO FLOWCHART_PROCESS_STATES_RAW_LOG VALUES(418,307,'WORK','2026-08-01 08:52:01.524000','2026-08-01 09:00:40.882000',21)
COMMIT
INSERT INTO FLOWCHART_ENTRIES_RAW_LOG VALUES(56,418,251,'2026-08-01 09:00:40.882000')
COMMIT
INSERT INTO FLOWCHART_PROCESS_STATES_RAW_LOG VALUES(418,251,'WORK','2026-08-01 09:00:40.882000','2026-08-01 09:08:14.433000',22)
COMMIT
INSERT INTO FLOWCHART_PROCESS_STATES_RAW_LOG VALUES(417,257,'WORK','2026-08-01 08:58:03.606000','2026-08-01 09:21:46.532000',23)
COMMIT
INSERT INTO FLOWCHART_ENTRIES_RAW_LOG VALUES(57,417,263,'2026-08-01 09:21:46.532000')
COMMIT
INSERT INTO RESOURCE_UNIT_STATES_RAW_LOG VALUES(406,223,'USAGE_BUSY','TASK_ENTITY',417,NULL,'2026-08-01 08:22:38.006000','2026-08-01 09:21:46.532000',3)
COMMIT
INSERT INTO RESOURCE_UNIT_STATES_RAW_LOG VALUES(408,226,'USAGE_BUSY','TASK_ENTITY',417,NULL,'2026-08-01 08:22:38.006000','2026-08-01 09:21:46.532000',4)
COMMIT
INSERT INTO FLOWCHART_ENTRIES_RAW_LOG VALUES(58,417,313,'2026-08-01 09:21:46.532000')
COMMIT
INSERT INTO FLOWCHART_ENTRIES_RAW_LOG VALUES(59,417,NULL,'2026-08-01 09:21:46.532000')
COMMIT
INSERT INTO DESTROYED_AGENTS_RAW_LOG VALUES(417,'2026-08-01 09:21:46.532000',0)
COMMIT
INSERT INTO FLOWCHART_PROCESS_STATES_RAW_LOG VALUES(418,251,'WAIT','2026-08-01 09:08:14.433000','2026-08-01 09:21:46.532000',24)
COMMIT
INSERT INTO FLOWCHART_ENTRIES_RAW_LOG VALUES(60,418,257,'2026-08-01 09:21:46.532000')
COMMIT
INSERT INTO FLOWCHART_ENTRIES_RAW_LOG VALUES(61,406,265,'2026-08-01 09:21:46.532000')
COMMIT
INSERT INTO FLOWCHART_ENTRIES_RAW_LOG VALUES(62,406,276,'2026-08-01 09:21:46.532000')
COMMIT
INSERT INTO FLOWCHART_ENTRIES_RAW_LOG VALUES(63,406,269,'2026-08-01 09:21:46.532000')
COMMIT
INSERT INTO AGENT_MOVEMENT_RAW_LOG VALUES(406,10.0E0,'2026-08-01 09:21:46.532000','2026-08-01 09:21:48.433000',4)
COMMIT
INSERT INTO FLOWCHART_PROCESS_STATES_RAW_LOG VALUES(406,269,'MOVE','2026-08-01 09:21:46.532000','2026-08-01 09:21:48.433000',25)
COMMIT
INSERT INTO FLOWCHART_ENTRIES_RAW_LOG VALUES(64,406,300,'2026-08-01 09:21:48.433000')
COMMIT
INSERT INTO FLOWCHART_ENTRIES_RAW_LOG VALUES(65,406,283,'2026-08-01 09:21:48.433000')
COMMIT
INSERT INTO FLOWCHART_ENTRIES_RAW_LOG VALUES(66,406,NULL,'2026-08-01 09:21:48.433000')
COMMIT
INSERT INTO RESOURCE_UNIT_STATES_RAW_LOG VALUES(406,223,'USAGE_BUSY','TASK_WRAP_UP',417,NULL,'2026-08-01 09:21:46.532000','2026-08-01 09:21:48.433000',5)
COMMIT
INSERT INTO FLOWCHART_ENTRIES_RAW_LOG VALUES(67,406,216,'2026-08-01 09:21:48.433000')
COMMIT
INSERT INTO FLOWCHART_ENTRIES_RAW_LOG VALUES(68,410,216,'2026-08-01 09:21:48.433000')
COMMIT
INSERT INTO FLOWCHART_ENTRIES_RAW_LOG VALUES(69,406,209,'2026-08-01 09:21:48.433000')
COMMIT
INSERT INTO FLOWCHART_ENTRIES_RAW_LOG VALUES(70,406,202,'2026-08-01 09:21:48.433000')
COMMIT
INSERT INTO FLOWCHART_ENTRIES_RAW_LOG VALUES(71,410,209,'2026-08-01 09:21:48.433000')
COMMIT
INSERT INTO FLOWCHART_ENTRIES_RAW_LOG VALUES(72,410,202,'2026-08-01 09:21:48.433000')
COMMIT
INSERT INTO AGENT_MOVEMENT_RAW_LOG VALUES(406,10.0E0,'2026-08-01 09:21:48.433000','2026-08-01 09:21:50.357000',5)
COMMIT
INSERT INTO FLOWCHART_PROCESS_STATES_RAW_LOG VALUES(406,202,'MOVE','2026-08-01 09:21:48.433000','2026-08-01 09:21:50.357000',26)
COMMIT
INSERT INTO FLOWCHART_ENTRIES_RAW_LOG VALUES(73,406,190,'2026-08-01 09:21:50.357000')
COMMIT
INSERT INTO FLOWCHART_ENTRIES_RAW_LOG VALUES(74,406,NULL,'2026-08-01 09:21:50.357000')
COMMIT
INSERT INTO AGENT_MOVEMENT_RAW_LOG VALUES(410,1.0E0,'2026-08-01 09:21:48.433000','2026-08-01 09:22:50.497000',6)
COMMIT
INSERT INTO FLOWCHART_PROCESS_STATES_RAW_LOG VALUES(410,202,'MOVE','2026-08-01 09:21:48.433000','2026-08-01 09:22:50.497000',27)
COMMIT
INSERT INTO FLOWCHART_ENTRIES_RAW_LOG VALUES(75,410,190,'2026-08-01 09:22:50.497000')
COMMIT
INSERT INTO FLOWCHART_ENTRIES_RAW_LOG VALUES(76,410,NULL,'2026-08-01 09:22:50.497000')
COMMIT
INSERT INTO FLOWCHART_PROCESS_STATES_RAW_LOG VALUES(419,189,'WAIT','2026-08-01 08:46:25.451000','2026-08-01 09:22:50.497000',28)
COMMIT
INSERT INTO FLOWCHART_ENTRIES_RAW_LOG VALUES(77,419,237,'2026-08-01 09:22:50.497000')
COMMIT
INSERT INTO FLOWCHART_ENTRIES_RAW_LOG VALUES(78,419,231,'2026-08-01 09:22:50.497000')
COMMIT
INSERT INTO FLOWCHART_PROCESS_STATES_RAW_LOG VALUES(419,231,'WORK','2026-08-01 09:22:50.497000','2026-08-01 09:30:20.602000',29)
COMMIT
INSERT INTO FLOWCHART_ENTRIES_RAW_LOG VALUES(79,419,239,'2026-08-01 09:30:20.602000')
COMMIT
INSERT INTO FLOWCHART_PROCESS_STATES_RAW_LOG VALUES(419,239,'WORK','2026-08-01 09:30:20.602000','2026-08-01 09:37:48.916000',30)
COMMIT
INSERT INTO FLOWCHART_ENTRIES_RAW_LOG VALUES(80,419,245,'2026-08-01 09:37:48.916000')
COMMIT
INSERT INTO AGENTS_RAW_LOG VALUES(420,22,'<population>[14]','2026-08-01 09:38:59.723000',80)
COMMIT
DELETE FROM AGENTS_RAW_LOG WHERE ID=420
INSERT INTO AGENTS_RAW_LOG VALUES(420,22,'root.<population>[14]','2026-08-01 09:38:59.723000',80)
COMMIT
INSERT INTO AGENT_PARAMETERS_RAW_LOG VALUES(420,'tipo','0.0',356)
COMMIT
INSERT INTO FLOWCHART_ENTRIES_RAW_LOG VALUES(81,420,1,'2026-08-01 09:38:59.723000')
COMMIT
INSERT INTO FLOWCHART_ENTRIES_RAW_LOG VALUES(82,420,6,'2026-08-01 09:38:59.723000')
COMMIT
INSERT INTO FLOWCHART_ENTRIES_RAW_LOG VALUES(83,420,40,'2026-08-01 09:38:59.723000')
COMMIT
INSERT INTO FLOWCHART_PROCESS_STATES_RAW_LOG VALUES(420,40,'WORK','2026-08-01 09:38:59.723000','2026-08-01 09:41:56.151000',31)
COMMIT
INSERT INTO FLOWCHART_ENTRIES_RAW_LOG VALUES(84,420,134,'2026-08-01 09:41:56.151000')
COMMIT
INSERT INTO RESOURCE_UNIT_STATES_RAW_LOG VALUES(405,131,'USAGE_BUSY','TASK_ENTITY',420,NULL,'2026-08-01 09:38:59.723000','2026-08-01 09:41:56.151000',6)
COMMIT
INSERT INTO FLOWCHART_ENTRIES_RAW_LOG VALUES(85,420,46,'2026-08-01 09:41:56.151000')
COMMIT
INSERT INTO FLOWCHART_PROCESS_STATES_RAW_LOG VALUES(420,46,'WORK','2026-08-01 09:41:56.151000','2026-08-01 09:41:57.310000',32)
COMMIT
INSERT INTO FLOWCHART_ENTRIES_RAW_LOG VALUES(86,420,229,'2026-08-01 09:41:57.310000')
COMMIT
INSERT INTO FLOWCHART_ENTRIES_RAW_LOG VALUES(87,420,178,'2026-08-01 09:41:57.310000')
COMMIT
INSERT INTO FLOWCHART_ENTRIES_RAW_LOG VALUES(88,420,189,'2026-08-01 09:41:57.310000')
COMMIT
INSERT INTO FLOWCHART_PROCESS_STATES_RAW_LOG VALUES(418,257,'WORK','2026-08-01 09:21:46.532000','2026-08-01 09:44:49.466000',33)
COMMIT
INSERT INTO FLOWCHART_ENTRIES_RAW_LOG VALUES(89,418,263,'2026-08-01 09:44:49.466000')
COMMIT
INSERT INTO RESOURCE_UNIT_STATES_RAW_LOG VALUES(407,223,'USAGE_BUSY','TASK_ENTITY',418,NULL,'2026-08-01 08:33:35.600000','2026-08-01 09:44:49.466000',7)
COMMIT
INSERT INTO RESOURCE_UNIT_STATES_RAW_LOG VALUES(409,226,'USAGE_BUSY','TASK_ENTITY',418,NULL,'2026-08-01 08:33:35.600000','2026-08-01 09:44:49.466000',8)
COMMIT
INSERT INTO FLOWCHART_ENTRIES_RAW_LOG VALUES(90,418,313,'2026-08-01 09:44:49.466000')
COMMIT
INSERT INTO FLOWCHART_ENTRIES_RAW_LOG VALUES(91,418,NULL,'2026-08-01 09:44:49.466000')
COMMIT
INSERT INTO DESTROYED_AGENTS_RAW_LOG VALUES(418,'2026-08-01 09:44:49.466000',1)
COMMIT
INSERT INTO FLOWCHART_ENTRIES_RAW_LOG VALUES(92,407,265,'2026-08-01 09:44:49.466000')
COMMIT
INSERT INTO FLOWCHART_ENTRIES_RAW_LOG VALUES(93,407,276,'2026-08-01 09:44:49.466000')
COMMIT
INSERT INTO FLOWCHART_ENTRIES_RAW_LOG VALUES(94,407,269,'2026-08-01 09:44:49.466000')
COMMIT
INSERT INTO AGENT_MOVEMENT_RAW_LOG VALUES(407,10.0E0,'2026-08-01 09:44:49.466000','2026-08-01 09:44:51.833000',7)
COMMIT
INSERT INTO FLOWCHART_PROCESS_STATES_RAW_LOG VALUES(407,269,'MOVE','2026-08-01 09:44:49.466000','2026-08-01 09:44:51.833000',34)
COMMIT
INSERT INTO FLOWCHART_ENTRIES_RAW_LOG VALUES(95,407,300,'2026-08-01 09:44:51.833000')
COMMIT
INSERT INTO FLOWCHART_ENTRIES_RAW_LOG VALUES(96,407,283,'2026-08-01 09:44:51.833000')
COMMIT
INSERT INTO FLOWCHART_ENTRIES_RAW_LOG VALUES(97,407,NULL,'2026-08-01 09:44:51.833000')
COMMIT
INSERT INTO RESOURCE_UNIT_STATES_RAW_LOG VALUES(407,223,'USAGE_BUSY','TASK_WRAP_UP',418,NULL,'2026-08-01 09:44:49.466000','2026-08-01 09:44:51.833000',9)
COMMIT
INSERT INTO FLOWCHART_ENTRIES_RAW_LOG VALUES(98,407,216,'2026-08-01 09:44:51.833000')
COMMIT
INSERT INTO FLOWCHART_ENTRIES_RAW_LOG VALUES(99,411,216,'2026-08-01 09:44:51.833000')
COMMIT
INSERT INTO FLOWCHART_ENTRIES_RAW_LOG VALUES(100,407,209,'2026-08-01 09:44:51.833000')
COMMIT
INSERT INTO FLOWCHART_ENTRIES_RAW_LOG VALUES(101,407,202,'2026-08-01 09:44:51.833000')
COMMIT
INSERT INTO FLOWCHART_ENTRIES_RAW_LOG VALUES(102,411,209,'2026-08-01 09:44:51.833000')
COMMIT
INSERT INTO FLOWCHART_ENTRIES_RAW_LOG VALUES(103,411,202,'2026-08-01 09:44:51.833000')
COMMIT
INSERT INTO AGENT_MOVEMENT_RAW_LOG VALUES(407,10.0E0,'2026-08-01 09:44:51.833000','2026-08-01 09:44:54.158000',8)
COMMIT
INSERT INTO FLOWCHART_PROCESS_STATES_RAW_LOG VALUES(407,202,'MOVE','2026-08-01 09:44:51.833000','2026-08-01 09:44:54.158000',35)
COMMIT
INSERT INTO FLOWCHART_ENTRIES_RAW_LOG VALUES(104,407,190,'2026-08-01 09:44:54.158000')
COMMIT
INSERT INTO FLOWCHART_ENTRIES_RAW_LOG VALUES(105,407,NULL,'2026-08-01 09:44:54.158000')
COMMIT
INSERT INTO AGENT_MOVEMENT_RAW_LOG VALUES(411,1.0E0,'2026-08-01 09:44:51.833000','2026-08-01 09:45:53.460000',9)
COMMIT
INSERT INTO FLOWCHART_PROCESS_STATES_RAW_LOG VALUES(411,202,'MOVE','2026-08-01 09:44:51.833000','2026-08-01 09:45:53.460000',36)
COMMIT
INSERT INTO FLOWCHART_ENTRIES_RAW_LOG VALUES(106,411,190,'2026-08-01 09:45:53.460000')
COMMIT
INSERT INTO FLOWCHART_ENTRIES_RAW_LOG VALUES(107,411,NULL,'2026-08-01 09:45:53.460000')
COMMIT
INSERT INTO FLOWCHART_PROCESS_STATES_RAW_LOG VALUES(420,189,'WAIT','2026-08-01 09:41:57.310000','2026-08-01 09:45:53.460000',37)
COMMIT
INSERT INTO FLOWCHART_ENTRIES_RAW_LOG VALUES(108,420,237,'2026-08-01 09:45:53.460000')
COMMIT
INSERT INTO FLOWCHART_ENTRIES_RAW_LOG VALUES(109,420,231,'2026-08-01 09:45:53.460000')
COMMIT
INSERT INTO FLOWCHART_PROCESS_STATES_RAW_LOG VALUES(419,245,'WORK','2026-08-01 09:37:48.916000','2026-08-01 09:53:06.192000',38)
COMMIT
INSERT INTO FLOWCHART_ENTRIES_RAW_LOG VALUES(110,419,307,'2026-08-01 09:53:06.192000')
COMMIT
INSERT INTO FLOWCHART_PROCESS_STATES_RAW_LOG VALUES(420,231,'WORK','2026-08-01 09:45:53.460000','2026-08-01 09:55:11.789000',39)
COMMIT
INSERT INTO FLOWCHART_ENTRIES_RAW_LOG VALUES(111,420,239,'2026-08-01 09:55:11.789000')
COMMIT
INSERT INTO FLOWCHART_PROCESS_STATES_RAW_LOG VALUES(420,239,'WORK','2026-08-01 09:55:11.789000','2026-08-01 10:01:43.822000',40)
COMMIT
INSERT INTO FLOWCHART_ENTRIES_RAW_LOG VALUES(112,420,245,'2026-08-01 10:01:43.822000')
COMMIT
INSERT INTO FLOWCHART_PROCESS_STATES_RAW_LOG VALUES(419,307,'WORK','2026-08-01 09:53:06.192000','2026-08-01 10:05:12.730000',41)
COMMIT
INSERT INTO FLOWCHART_ENTRIES_RAW_LOG VALUES(113,419,251,'2026-08-01 10:05:12.730000')
COMMIT
INSERT INTO FLOWCHART_PROCESS_STATES_RAW_LOG VALUES(420,245,'WORK','2026-08-01 10:01:43.822000','2026-08-01 10:17:27.162000',42)
COMMIT
INSERT INTO FLOWCHART_ENTRIES_RAW_LOG VALUES(114,420,307,'2026-08-01 10:17:27.162000')
COMMIT
INSERT INTO FLOWCHART_PROCESS_STATES_RAW_LOG VALUES(419,251,'WORK','2026-08-01 10:05:12.730000','2026-08-01 10:17:44.905000',43)
COMMIT
INSERT INTO FLOWCHART_ENTRIES_RAW_LOG VALUES(115,419,257,'2026-08-01 10:17:44.905000')
COMMIT
INSERT INTO FLOWCHART_PROCESS_STATES_RAW_LOG VALUES(420,307,'WORK','2026-08-01 10:17:27.162000','2026-08-01 10:24:44.634000',44)
COMMIT
INSERT INTO FLOWCHART_ENTRIES_RAW_LOG VALUES(116,420,251,'2026-08-01 10:24:44.634000')
COMMIT
INSERT INTO FLOWCHART_PROCESS_STATES_RAW_LOG VALUES(420,251,'WORK','2026-08-01 10:24:44.634000','2026-08-01 10:32:57.282000',45)
COMMIT
INSERT INTO FLOWCHART_PROCESS_STATES_RAW_LOG VALUES(419,257,'WORK','2026-08-01 10:17:44.905000','2026-08-01 10:50:35.336000',46)
COMMIT
INSERT INTO FLOWCHART_ENTRIES_RAW_LOG VALUES(117,419,263,'2026-08-01 10:50:35.336000')
COMMIT
INSERT INTO RESOURCE_UNIT_STATES_RAW_LOG VALUES(406,223,'USAGE_BUSY','TASK_ENTITY',419,NULL,'2026-08-01 09:21:48.433000','2026-08-01 10:50:35.336000',10)
COMMIT
INSERT INTO RESOURCE_UNIT_STATES_RAW_LOG VALUES(410,226,'USAGE_BUSY','TASK_ENTITY',419,NULL,'2026-08-01 09:21:48.433000','2026-08-01 10:50:35.336000',11)
COMMIT
INSERT INTO FLOWCHART_ENTRIES_RAW_LOG VALUES(118,419,313,'2026-08-01 10:50:35.336000')
COMMIT
INSERT INTO FLOWCHART_ENTRIES_RAW_LOG VALUES(119,419,NULL,'2026-08-01 10:50:35.336000')
COMMIT
INSERT INTO DESTROYED_AGENTS_RAW_LOG VALUES(419,'2026-08-01 10:50:35.336000',2)
COMMIT
INSERT INTO FLOWCHART_PROCESS_STATES_RAW_LOG VALUES(420,251,'WAIT','2026-08-01 10:32:57.282000','2026-08-01 10:50:35.336000',47)
COMMIT
INSERT INTO FLOWCHART_ENTRIES_RAW_LOG VALUES(120,420,257,'2026-08-01 10:50:35.336000')
COMMIT
INSERT INTO FLOWCHART_ENTRIES_RAW_LOG VALUES(121,406,265,'2026-08-01 10:50:35.336000')
COMMIT
INSERT INTO FLOWCHART_ENTRIES_RAW_LOG VALUES(122,406,276,'2026-08-01 10:50:35.336000')
COMMIT
INSERT INTO FLOWCHART_ENTRIES_RAW_LOG VALUES(123,406,269,'2026-08-01 10:50:35.336000')
COMMIT
INSERT INTO AGENT_MOVEMENT_RAW_LOG VALUES(406,10.0E0,'2026-08-01 10:50:35.336000','2026-08-01 10:50:37.259000',10)
COMMIT
INSERT INTO FLOWCHART_PROCESS_STATES_RAW_LOG VALUES(406,269,'MOVE','2026-08-01 10:50:35.336000','2026-08-01 10:50:37.259000',48)
COMMIT
INSERT INTO FLOWCHART_ENTRIES_RAW_LOG VALUES(124,406,300,'2026-08-01 10:50:37.259000')
COMMIT
INSERT INTO FLOWCHART_ENTRIES_RAW_LOG VALUES(125,406,283,'2026-08-01 10:50:37.259000')
COMMIT
INSERT INTO FLOWCHART_ENTRIES_RAW_LOG VALUES(126,406,NULL,'2026-08-01 10:50:37.259000')
COMMIT
INSERT INTO RESOURCE_UNIT_STATES_RAW_LOG VALUES(406,223,'USAGE_BUSY','TASK_WRAP_UP',419,NULL,'2026-08-01 10:50:35.336000','2026-08-01 10:50:37.259000',12)
COMMIT
INSERT INTO FLOWCHART_PROCESS_STATES_RAW_LOG VALUES(420,257,'WORK','2026-08-01 10:50:35.336000','2026-08-01 11:07:40.405000',49)
COMMIT
INSERT INTO FLOWCHART_ENTRIES_RAW_LOG VALUES(127,420,263,'2026-08-01 11:07:40.405000')
COMMIT
INSERT INTO RESOURCE_UNIT_STATES_RAW_LOG VALUES(407,223,'USAGE_BUSY','TASK_ENTITY',420,NULL,'2026-08-01 09:44:51.833000','2026-08-01 11:07:40.405000',13)
COMMIT
INSERT INTO RESOURCE_UNIT_STATES_RAW_LOG VALUES(411,226,'USAGE_BUSY','TASK_ENTITY',420,NULL,'2026-08-01 09:44:51.833000','2026-08-01 11:07:40.405000',14)
COMMIT
INSERT INTO FLOWCHART_ENTRIES_RAW_LOG VALUES(128,420,313,'2026-08-01 11:07:40.405000')
COMMIT
INSERT INTO FLOWCHART_ENTRIES_RAW_LOG VALUES(129,420,NULL,'2026-08-01 11:07:40.405000')
COMMIT
INSERT INTO DESTROYED_AGENTS_RAW_LOG VALUES(420,'2026-08-01 11:07:40.405000',3)
COMMIT
INSERT INTO FLOWCHART_ENTRIES_RAW_LOG VALUES(130,407,265,'2026-08-01 11:07:40.405000')
COMMIT
INSERT INTO FLOWCHART_ENTRIES_RAW_LOG VALUES(131,407,276,'2026-08-01 11:07:40.405000')
COMMIT
INSERT INTO FLOWCHART_ENTRIES_RAW_LOG VALUES(132,407,269,'2026-08-01 11:07:40.405000')
COMMIT
INSERT INTO AGENT_MOVEMENT_RAW_LOG VALUES(407,10.0E0,'2026-08-01 11:07:40.405000','2026-08-01 11:07:42.730000',11)
COMMIT
INSERT INTO FLOWCHART_PROCESS_STATES_RAW_LOG VALUES(407,269,'MOVE','2026-08-01 11:07:40.405000','2026-08-01 11:07:42.730000',50)
COMMIT
INSERT INTO FLOWCHART_ENTRIES_RAW_LOG VALUES(133,407,300,'2026-08-01 11:07:42.730000')
COMMIT
INSERT INTO FLOWCHART_ENTRIES_RAW_LOG VALUES(134,407,283,'2026-08-01 11:07:42.730000')
COMMIT
INSERT INTO FLOWCHART_ENTRIES_RAW_LOG VALUES(135,407,NULL,'2026-08-01 11:07:42.730000')
COMMIT
INSERT INTO RESOURCE_UNIT_STATES_RAW_LOG VALUES(407,223,'USAGE_BUSY','TASK_WRAP_UP',420,NULL,'2026-08-01 11:07:40.405000','2026-08-01 11:07:42.730000',15)
COMMIT
INSERT INTO AGENTS_RAW_LOG VALUES(421,22,'<population>[12]','2026-08-01 12:43:41.213000',81)
COMMIT
DELETE FROM AGENTS_RAW_LOG WHERE ID=421
INSERT INTO AGENTS_RAW_LOG VALUES(421,22,'root.<population>[12]','2026-08-01 12:43:41.213000',81)
COMMIT
INSERT INTO AGENT_PARAMETERS_RAW_LOG VALUES(421,'tipo','0.0',357)
COMMIT
INSERT INTO FLOWCHART_ENTRIES_RAW_LOG VALUES(136,421,1,'2026-08-01 12:43:41.213000')
COMMIT
INSERT INTO FLOWCHART_ENTRIES_RAW_LOG VALUES(137,421,6,'2026-08-01 12:43:41.213000')
COMMIT
INSERT INTO FLOWCHART_ENTRIES_RAW_LOG VALUES(138,421,40,'2026-08-01 12:43:41.213000')
COMMIT
INSERT INTO FLOWCHART_PROCESS_STATES_RAW_LOG VALUES(421,40,'WORK','2026-08-01 12:43:41.213000','2026-08-01 12:48:25.205000',51)
COMMIT
INSERT INTO FLOWCHART_ENTRIES_RAW_LOG VALUES(139,421,134,'2026-08-01 12:48:25.205000')
COMMIT
INSERT INTO RESOURCE_UNIT_STATES_RAW_LOG VALUES(405,131,'USAGE_BUSY','TASK_ENTITY',421,NULL,'2026-08-01 12:43:41.213000','2026-08-01 12:48:25.205000',16)
COMMIT
INSERT INTO FLOWCHART_ENTRIES_RAW_LOG VALUES(140,421,46,'2026-08-01 12:48:25.205000')
COMMIT
INSERT INTO FLOWCHART_PROCESS_STATES_RAW_LOG VALUES(421,46,'WORK','2026-08-01 12:48:25.205000','2026-08-01 12:48:26.602000',52)
COMMIT
INSERT INTO FLOWCHART_ENTRIES_RAW_LOG VALUES(141,421,229,'2026-08-01 12:48:26.602000')
COMMIT
INSERT INTO FLOWCHART_ENTRIES_RAW_LOG VALUES(142,421,178,'2026-08-01 12:48:26.602000')
COMMIT
INSERT INTO FLOWCHART_ENTRIES_RAW_LOG VALUES(143,421,189,'2026-08-01 12:48:26.602000')
COMMIT
INSERT INTO FLOWCHART_ENTRIES_RAW_LOG VALUES(144,406,216,'2026-08-01 12:48:26.602000')
COMMIT
INSERT INTO FLOWCHART_ENTRIES_RAW_LOG VALUES(145,412,216,'2026-08-01 12:48:26.602000')
COMMIT
INSERT INTO FLOWCHART_ENTRIES_RAW_LOG VALUES(146,406,209,'2026-08-01 12:48:26.602000')
COMMIT
INSERT INTO FLOWCHART_ENTRIES_RAW_LOG VALUES(147,406,202,'2026-08-01 12:48:26.602000')
COMMIT
INSERT INTO FLOWCHART_ENTRIES_RAW_LOG VALUES(148,412,209,'2026-08-01 12:48:26.602000')
COMMIT
INSERT INTO FLOWCHART_ENTRIES_RAW_LOG VALUES(149,412,202,'2026-08-01 12:48:26.602000')
COMMIT
INSERT INTO AGENT_MOVEMENT_RAW_LOG VALUES(406,10.0E0,'2026-08-01 12:48:26.602000','2026-08-01 12:48:28.456000',12)
COMMIT
INSERT INTO FLOWCHART_PROCESS_STATES_RAW_LOG VALUES(406,202,'MOVE','2026-08-01 12:48:26.602000','2026-08-01 12:48:28.456000',53)
COMMIT
INSERT INTO FLOWCHART_ENTRIES_RAW_LOG VALUES(150,406,190,'2026-08-01 12:48:28.456000')
COMMIT
INSERT INTO FLOWCHART_ENTRIES_RAW_LOG VALUES(151,406,NULL,'2026-08-01 12:48:28.456000')
COMMIT
INSERT INTO AGENT_MOVEMENT_RAW_LOG VALUES(412,1.0E0,'2026-08-01 12:48:26.602000','2026-08-01 12:49:27.977000',13)
COMMIT
INSERT INTO FLOWCHART_PROCESS_STATES_RAW_LOG VALUES(412,202,'MOVE','2026-08-01 12:48:26.602000','2026-08-01 12:49:27.977000',54)
COMMIT
INSERT INTO FLOWCHART_ENTRIES_RAW_LOG VALUES(152,412,190,'2026-08-01 12:49:27.977000')
COMMIT
INSERT INTO FLOWCHART_ENTRIES_RAW_LOG VALUES(153,412,NULL,'2026-08-01 12:49:27.977000')
COMMIT
INSERT INTO FLOWCHART_PROCESS_STATES_RAW_LOG VALUES(421,189,'WAIT','2026-08-01 12:48:26.602000','2026-08-01 12:49:27.977000',55)
COMMIT
INSERT INTO FLOWCHART_ENTRIES_RAW_LOG VALUES(154,421,237,'2026-08-01 12:49:27.977000')
COMMIT
INSERT INTO FLOWCHART_ENTRIES_RAW_LOG VALUES(155,421,231,'2026-08-01 12:49:27.977000')
COMMIT
INSERT INTO FLOWCHART_PROCESS_STATES_RAW_LOG VALUES(421,231,'WORK','2026-08-01 12:49:27.977000','2026-08-01 13:02:26.852000',56)
COMMIT
INSERT INTO FLOWCHART_ENTRIES_RAW_LOG VALUES(156,421,239,'2026-08-01 13:02:26.852000')
COMMIT
INSERT INTO FLOWCHART_PROCESS_STATES_RAW_LOG VALUES(421,239,'WORK','2026-08-01 13:02:26.852000','2026-08-01 13:18:27.564000',57)
COMMIT
INSERT INTO FLOWCHART_ENTRIES_RAW_LOG VALUES(157,421,245,'2026-08-01 13:18:27.564000')
COMMIT
INSERT INTO AGENTS_RAW_LOG VALUES(422,22,'<population>[13]','2026-08-01 13:24:48.381000',82)
COMMIT
DELETE FROM AGENTS_RAW_LOG WHERE ID=422
INSERT INTO AGENTS_RAW_LOG VALUES(422,22,'root.<population>[13]','2026-08-01 13:24:48.381000',82)
COMMIT
INSERT INTO AGENT_PARAMETERS_RAW_LOG VALUES(422,'tipo','0.0',358)
COMMIT
INSERT INTO FLOWCHART_ENTRIES_RAW_LOG VALUES(158,422,1,'2026-08-01 13:24:48.381000')
COMMIT
INSERT INTO FLOWCHART_ENTRIES_RAW_LOG VALUES(159,422,6,'2026-08-01 13:24:48.381000')
COMMIT
INSERT INTO FLOWCHART_ENTRIES_RAW_LOG VALUES(160,422,40,'2026-08-01 13:24:48.381000')
COMMIT
INSERT INTO FLOWCHART_PROCESS_STATES_RAW_LOG VALUES(422,40,'WORK','2026-08-01 13:24:48.381000','2026-08-01 13:28:21.917000',58)
COMMIT
INSERT INTO FLOWCHART_ENTRIES_RAW_LOG VALUES(161,422,134,'2026-08-01 13:28:21.917000')
COMMIT
INSERT INTO RESOURCE_UNIT_STATES_RAW_LOG VALUES(405,131,'USAGE_BUSY','TASK_ENTITY',422,NULL,'2026-08-01 13:24:48.381000','2026-08-01 13:28:21.917000',17)
COMMIT
INSERT INTO FLOWCHART_ENTRIES_RAW_LOG VALUES(162,422,46,'2026-08-01 13:28:21.917000')
COMMIT
INSERT INTO FLOWCHART_PROCESS_STATES_RAW_LOG VALUES(422,46,'WORK','2026-08-01 13:28:21.917000','2026-08-01 13:28:22.869000',59)
COMMIT
INSERT INTO FLOWCHART_ENTRIES_RAW_LOG VALUES(163,422,229,'2026-08-01 13:28:22.869000')
COMMIT
INSERT INTO FLOWCHART_ENTRIES_RAW_LOG VALUES(164,422,178,'2026-08-01 13:28:22.869000')
COMMIT
INSERT INTO FLOWCHART_ENTRIES_RAW_LOG VALUES(165,422,189,'2026-08-01 13:28:22.869000')
COMMIT
INSERT INTO FLOWCHART_ENTRIES_RAW_LOG VALUES(166,407,216,'2026-08-01 13:28:22.869000')
COMMIT
INSERT INTO FLOWCHART_ENTRIES_RAW_LOG VALUES(167,413,216,'2026-08-01 13:28:22.869000')
COMMIT
INSERT INTO FLOWCHART_ENTRIES_RAW_LOG VALUES(168,407,209,'2026-08-01 13:28:22.869000')
COMMIT
INSERT INTO FLOWCHART_ENTRIES_RAW_LOG VALUES(169,407,202,'2026-08-01 13:28:22.869000')
COMMIT
INSERT INTO FLOWCHART_ENTRIES_RAW_LOG VALUES(170,413,209,'2026-08-01 13:28:22.869000')
COMMIT
INSERT INTO FLOWCHART_ENTRIES_RAW_LOG VALUES(171,413,202,'2026-08-01 13:28:22.869000')
COMMIT
INSERT INTO AGENT_MOVEMENT_RAW_LOG VALUES(407,10.0E0,'2026-08-01 13:28:22.869000','2026-08-01 13:28:25.178000',14)
COMMIT
INSERT INTO FLOWCHART_PROCESS_STATES_RAW_LOG VALUES(407,202,'MOVE','2026-08-01 13:28:22.869000','2026-08-01 13:28:25.178000',60)
COMMIT
INSERT INTO FLOWCHART_ENTRIES_RAW_LOG VALUES(172,407,190,'2026-08-01 13:28:25.178000')
COMMIT
INSERT INTO FLOWCHART_ENTRIES_RAW_LOG VALUES(173,407,NULL,'2026-08-01 13:28:25.178000')
COMMIT
INSERT INTO AGENT_MOVEMENT_RAW_LOG VALUES(413,1.0E0,'2026-08-01 13:28:22.869000','2026-08-01 13:29:24.336000',15)
COMMIT
INSERT INTO FLOWCHART_PROCESS_STATES_RAW_LOG VALUES(413,202,'MOVE','2026-08-01 13:28:22.869000','2026-08-01 13:29:24.336000',61)
COMMIT
INSERT INTO FLOWCHART_ENTRIES_RAW_LOG VALUES(174,413,190,'2026-08-01 13:29:24.336000')
COMMIT
INSERT INTO FLOWCHART_ENTRIES_RAW_LOG VALUES(175,413,NULL,'2026-08-01 13:29:24.336000')
COMMIT
INSERT INTO FLOWCHART_PROCESS_STATES_RAW_LOG VALUES(422,189,'WAIT','2026-08-01 13:28:22.869000','2026-08-01 13:29:24.336000',62)
COMMIT
INSERT INTO FLOWCHART_ENTRIES_RAW_LOG VALUES(176,422,237,'2026-08-01 13:29:24.336000')
COMMIT
INSERT INTO FLOWCHART_ENTRIES_RAW_LOG VALUES(177,422,231,'2026-08-01 13:29:24.336000')
COMMIT
INSERT INTO FLOWCHART_PROCESS_STATES_RAW_LOG VALUES(421,245,'WORK','2026-08-01 13:18:27.564000','2026-08-01 13:39:10.245000',63)
COMMIT
INSERT INTO FLOWCHART_ENTRIES_RAW_LOG VALUES(178,421,307,'2026-08-01 13:39:10.245000')
COMMIT
INSERT INTO FLOWCHART_PROCESS_STATES_RAW_LOG VALUES(421,307,'WORK','2026-08-01 13:39:10.245000','2026-08-01 13:43:27.477000',64)
COMMIT
INSERT INTO FLOWCHART_ENTRIES_RAW_LOG VALUES(179,421,251,'2026-08-01 13:43:27.477000')
COMMIT
INSERT INTO FLOWCHART_PROCESS_STATES_RAW_LOG VALUES(422,231,'WORK','2026-08-01 13:29:24.336000','2026-08-01 13:47:08.188000',65)
COMMIT
INSERT INTO FLOWCHART_ENTRIES_RAW_LOG VALUES(180,422,239,'2026-08-01 13:47:08.188000')
COMMIT
INSERT INTO AGENTS_RAW_LOG VALUES(423,22,'<population>[14]','2026-08-01 13:48:14.621000',83)
COMMIT
DELETE FROM AGENTS_RAW_LOG WHERE ID=423
INSERT INTO AGENTS_RAW_LOG VALUES(423,22,'root.<population>[14]','2026-08-01 13:48:14.621000',83)
COMMIT
INSERT INTO AGENT_PARAMETERS_RAW_LOG VALUES(423,'tipo','0.0',359)
COMMIT
INSERT INTO FLOWCHART_ENTRIES_RAW_LOG VALUES(181,423,1,'2026-08-01 13:48:14.621000')
COMMIT
INSERT INTO FLOWCHART_ENTRIES_RAW_LOG VALUES(182,423,6,'2026-08-01 13:48:14.621000')
COMMIT
INSERT INTO FLOWCHART_ENTRIES_RAW_LOG VALUES(183,423,40,'2026-08-01 13:48:14.621000')
COMMIT
INSERT INTO FLOWCHART_PROCESS_STATES_RAW_LOG VALUES(423,40,'WORK','2026-08-01 13:48:14.621000','2026-08-01 13:50:49.142000',66)
COMMIT
INSERT INTO FLOWCHART_ENTRIES_RAW_LOG VALUES(184,423,134,'2026-08-01 13:50:49.142000')
COMMIT
INSERT INTO RESOURCE_UNIT_STATES_RAW_LOG VALUES(405,131,'USAGE_BUSY','TASK_ENTITY',423,NULL,'2026-08-01 13:48:14.621000','2026-08-01 13:50:49.142000',18)
COMMIT
INSERT INTO FLOWCHART_ENTRIES_RAW_LOG VALUES(185,423,46,'2026-08-01 13:50:49.142000')
COMMIT
INSERT INTO FLOWCHART_PROCESS_STATES_RAW_LOG VALUES(423,46,'WORK','2026-08-01 13:50:49.142000','2026-08-01 13:50:50.153000',67)
COMMIT
INSERT INTO FLOWCHART_ENTRIES_RAW_LOG VALUES(186,423,229,'2026-08-01 13:50:50.153000')
COMMIT
INSERT INTO FLOWCHART_ENTRIES_RAW_LOG VALUES(187,423,178,'2026-08-01 13:50:50.153000')
COMMIT
INSERT INTO FLOWCHART_ENTRIES_RAW_LOG VALUES(188,423,189,'2026-08-01 13:50:50.153000')
COMMIT
INSERT INTO FLOWCHART_PROCESS_STATES_RAW_LOG VALUES(422,239,'WORK','2026-08-01 13:47:08.188000','2026-08-01 13:56:45.501000',68)
COMMIT
INSERT INTO FLOWCHART_ENTRIES_RAW_LOG VALUES(189,422,245,'2026-08-01 13:56:45.501000')
COMMIT
INSERT INTO FLOWCHART_PROCESS_STATES_RAW_LOG VALUES(421,251,'WORK','2026-08-01 13:43:27.477000','2026-08-01 13:58:26.039000',69)
COMMIT
INSERT INTO FLOWCHART_ENTRIES_RAW_LOG VALUES(190,421,257,'2026-08-01 13:58:26.039000')
COMMIT
INSERT INTO FLOWCHART_PROCESS_STATES_RAW_LOG VALUES(422,245,'WORK','2026-08-01 13:56:45.501000','2026-08-01 14:18:14.248000',70)
COMMIT
INSERT INTO FLOWCHART_ENTRIES_RAW_LOG VALUES(191,422,307,'2026-08-01 14:18:14.248000')
COMMIT
INSERT INTO FLOWCHART_PROCESS_STATES_RAW_LOG VALUES(422,307,'WORK','2026-08-01 14:18:14.248000','2026-08-01 14:35:22.346000',71)
COMMIT
INSERT INTO FLOWCHART_ENTRIES_RAW_LOG VALUES(192,422,251,'2026-08-01 14:35:22.346000')
COMMIT
INSERT INTO FLOWCHART_PROCESS_STATES_RAW_LOG VALUES(421,257,'WORK','2026-08-01 13:58:26.039000','2026-08-01 14:37:16.598000',72)
COMMIT
INSERT INTO FLOWCHART_ENTRIES_RAW_LOG VALUES(193,421,263,'2026-08-01 14:37:16.598000')
COMMIT
INSERT INTO RESOURCE_UNIT_STATES_RAW_LOG VALUES(406,223,'USAGE_BUSY','TASK_ENTITY',421,NULL,'2026-08-01 12:48:26.602000','2026-08-01 14:37:16.598000',19)
COMMIT
INSERT INTO RESOURCE_UNIT_STATES_RAW_LOG VALUES(412,226,'USAGE_BUSY','TASK_ENTITY',421,NULL,'2026-08-01 12:48:26.602000','2026-08-01 14:37:16.598000',20)
COMMIT
INSERT INTO FLOWCHART_ENTRIES_RAW_LOG VALUES(194,421,313,'2026-08-01 14:37:16.598000')
COMMIT
INSERT INTO FLOWCHART_ENTRIES_RAW_LOG VALUES(195,421,NULL,'2026-08-01 14:37:16.598000')
COMMIT
INSERT INTO DESTROYED_AGENTS_RAW_LOG VALUES(421,'2026-08-01 14:37:16.598000',4)
COMMIT
INSERT INTO FLOWCHART_ENTRIES_RAW_LOG VALUES(196,406,265,'2026-08-01 14:37:16.598000')
COMMIT
INSERT INTO FLOWCHART_ENTRIES_RAW_LOG VALUES(197,406,276,'2026-08-01 14:37:16.598000')
COMMIT
INSERT INTO FLOWCHART_ENTRIES_RAW_LOG VALUES(198,406,269,'2026-08-01 14:37:16.598000')
COMMIT
INSERT INTO AGENT_MOVEMENT_RAW_LOG VALUES(406,10.0E0,'2026-08-01 14:37:16.598000','2026-08-01 14:37:18.453000',16)
COMMIT
INSERT INTO FLOWCHART_PROCESS_STATES_RAW_LOG VALUES(406,269,'MOVE','2026-08-01 14:37:16.598000','2026-08-01 14:37:18.453000',73)
COMMIT
INSERT INTO FLOWCHART_ENTRIES_RAW_LOG VALUES(199,406,300,'2026-08-01 14:37:18.453000')
COMMIT
INSERT INTO FLOWCHART_ENTRIES_RAW_LOG VALUES(200,406,283,'2026-08-01 14:37:18.453000')
COMMIT
INSERT INTO FLOWCHART_ENTRIES_RAW_LOG VALUES(201,406,NULL,'2026-08-01 14:37:18.453000')
COMMIT
INSERT INTO RESOURCE_UNIT_STATES_RAW_LOG VALUES(406,223,'USAGE_BUSY','TASK_WRAP_UP',421,NULL,'2026-08-01 14:37:16.598000','2026-08-01 14:37:18.453000',21)
COMMIT
INSERT INTO FLOWCHART_ENTRIES_RAW_LOG VALUES(202,406,216,'2026-08-01 14:37:18.453000')
COMMIT
INSERT INTO FLOWCHART_ENTRIES_RAW_LOG VALUES(203,414,216,'2026-08-01 14:37:18.453000')
COMMIT
INSERT INTO FLOWCHART_ENTRIES_RAW_LOG VALUES(204,406,209,'2026-08-01 14:37:18.453000')
COMMIT
INSERT INTO FLOWCHART_ENTRIES_RAW_LOG VALUES(205,406,202,'2026-08-01 14:37:18.453000')
COMMIT
INSERT INTO FLOWCHART_ENTRIES_RAW_LOG VALUES(206,414,209,'2026-08-01 14:37:18.453000')
COMMIT
INSERT INTO FLOWCHART_ENTRIES_RAW_LOG VALUES(207,414,202,'2026-08-01 14:37:18.453000')
COMMIT
INSERT INTO AGENT_MOVEMENT_RAW_LOG VALUES(406,10.0E0,'2026-08-01 14:37:18.453000','2026-08-01 14:37:20.343000',17)
COMMIT
INSERT INTO FLOWCHART_PROCESS_STATES_RAW_LOG VALUES(406,202,'MOVE','2026-08-01 14:37:18.453000','2026-08-01 14:37:20.343000',74)
COMMIT
INSERT INTO FLOWCHART_ENTRIES_RAW_LOG VALUES(208,406,190,'2026-08-01 14:37:20.343000')
COMMIT
INSERT INTO FLOWCHART_ENTRIES_RAW_LOG VALUES(209,406,NULL,'2026-08-01 14:37:20.343000')
COMMIT
INSERT INTO AGENT_MOVEMENT_RAW_LOG VALUES(414,1.0E0,'2026-08-01 14:37:18.453000','2026-08-01 14:38:20.181000',18)
COMMIT
INSERT INTO FLOWCHART_PROCESS_STATES_RAW_LOG VALUES(414,202,'MOVE','2026-08-01 14:37:18.453000','2026-08-01 14:38:20.181000',75)
COMMIT
INSERT INTO FLOWCHART_ENTRIES_RAW_LOG VALUES(210,414,190,'2026-08-01 14:38:20.181000')
COMMIT
INSERT INTO FLOWCHART_ENTRIES_RAW_LOG VALUES(211,414,NULL,'2026-08-01 14:38:20.181000')
COMMIT
INSERT INTO FLOWCHART_PROCESS_STATES_RAW_LOG VALUES(423,189,'WAIT','2026-08-01 13:50:50.153000','2026-08-01 14:38:20.181000',76)
COMMIT
INSERT INTO FLOWCHART_ENTRIES_RAW_LOG VALUES(212,423,237,'2026-08-01 14:38:20.181000')
COMMIT
INSERT INTO FLOWCHART_ENTRIES_RAW_LOG VALUES(213,423,231,'2026-08-01 14:38:20.181000')
COMMIT
INSERT INTO FLOWCHART_PROCESS_STATES_RAW_LOG VALUES(423,231,'WORK','2026-08-01 14:38:20.181000','2026-08-01 14:42:25.995000',77)
COMMIT
INSERT INTO FLOWCHART_ENTRIES_RAW_LOG VALUES(214,423,239,'2026-08-01 14:42:25.995000')
COMMIT
INSERT INTO FLOWCHART_PROCESS_STATES_RAW_LOG VALUES(423,239,'WORK','2026-08-01 14:42:25.995000','2026-08-01 14:46:34.243000',78)
COMMIT
INSERT INTO FLOWCHART_ENTRIES_RAW_LOG VALUES(215,423,245,'2026-08-01 14:46:34.243000')
COMMIT
INSERT INTO FLOWCHART_PROCESS_STATES_RAW_LOG VALUES(423,245,'WORK','2026-08-01 14:46:34.243000','2026-08-01 14:51:32.830000',79)
COMMIT
INSERT INTO FLOWCHART_ENTRIES_RAW_LOG VALUES(216,423,307,'2026-08-01 14:51:32.830000')
COMMIT
INSERT INTO FLOWCHART_PROCESS_STATES_RAW_LOG VALUES(423,307,'WORK','2026-08-01 14:51:32.830000','2026-08-01 14:54:54.003000',80)
COMMIT
INSERT INTO AGENTS_RAW_LOG VALUES(424,22,'<population>[14]','2026-08-01 14:55:48.335000',84)
COMMIT
DELETE FROM AGENTS_RAW_LOG WHERE ID=424
INSERT INTO AGENTS_RAW_LOG VALUES(424,22,'root.<population>[14]','2026-08-01 14:55:48.335000',84)
COMMIT
INSERT INTO AGENT_PARAMETERS_RAW_LOG VALUES(424,'tipo','0.0',360)
COMMIT
INSERT INTO FLOWCHART_ENTRIES_RAW_LOG VALUES(217,424,1,'2026-08-01 14:55:48.335000')
COMMIT
INSERT INTO FLOWCHART_ENTRIES_RAW_LOG VALUES(218,424,6,'2026-08-01 14:55:48.335000')
COMMIT
INSERT INTO FLOWCHART_ENTRIES_RAW_LOG VALUES(219,424,40,'2026-08-01 14:55:48.335000')
COMMIT
INSERT INTO FLOWCHART_PROCESS_STATES_RAW_LOG VALUES(422,251,'WORK','2026-08-01 14:35:22.346000','2026-08-01 14:57:03.795000',81)
COMMIT
INSERT INTO FLOWCHART_ENTRIES_RAW_LOG VALUES(220,422,257,'2026-08-01 14:57:03.795000')
COMMIT
INSERT INTO FLOWCHART_PROCESS_STATES_RAW_LOG VALUES(423,307,'WAIT','2026-08-01 14:54:54.003000','2026-08-01 14:57:03.795000',82)
COMMIT
INSERT INTO FLOWCHART_ENTRIES_RAW_LOG VALUES(221,423,251,'2026-08-01 14:57:03.795000')
COMMIT
INSERT INTO FLOWCHART_PROCESS_STATES_RAW_LOG VALUES(424,40,'WORK','2026-08-01 14:55:48.335000','2026-08-01 14:57:33.934000',83)
COMMIT
INSERT INTO FLOWCHART_ENTRIES_RAW_LOG VALUES(222,424,134,'2026-08-01 14:57:33.934000')
COMMIT
INSERT INTO RESOURCE_UNIT_STATES_RAW_LOG VALUES(405,131,'USAGE_BUSY','TASK_ENTITY',424,NULL,'2026-08-01 14:55:48.335000','2026-08-01 14:57:33.934000',22)
COMMIT
INSERT INTO FLOWCHART_ENTRIES_RAW_LOG VALUES(223,424,46,'2026-08-01 14:57:33.934000')
COMMIT
INSERT INTO FLOWCHART_PROCESS_STATES_RAW_LOG VALUES(424,46,'WORK','2026-08-01 14:57:33.934000','2026-08-01 14:57:34.908000',84)
COMMIT
INSERT INTO FLOWCHART_ENTRIES_RAW_LOG VALUES(224,424,229,'2026-08-01 14:57:34.908000')
COMMIT
INSERT INTO FLOWCHART_ENTRIES_RAW_LOG VALUES(225,424,178,'2026-08-01 14:57:34.908000')
COMMIT
INSERT INTO FLOWCHART_ENTRIES_RAW_LOG VALUES(226,424,189,'2026-08-01 14:57:34.908000')
COMMIT
INSERT INTO FLOWCHART_PROCESS_STATES_RAW_LOG VALUES(423,251,'WORK','2026-08-01 14:57:03.795000','2026-08-01 15:00:52.813000',85)
COMMIT
INSERT INTO FLOWCHART_PROCESS_STATES_RAW_LOG VALUES(422,257,'WORK','2026-08-01 14:57:03.795000','2026-08-01 15:32:34.397000',86)
COMMIT
INSERT INTO FLOWCHART_ENTRIES_RAW_LOG VALUES(227,422,263,'2026-08-01 15:32:34.397000')
COMMIT
INSERT INTO RESOURCE_UNIT_STATES_RAW_LOG VALUES(407,223,'USAGE_BUSY','TASK_ENTITY',422,NULL,'2026-08-01 13:28:22.869000','2026-08-01 15:32:34.397000',23)
COMMIT
INSERT INTO RESOURCE_UNIT_STATES_RAW_LOG VALUES(413,226,'USAGE_BUSY','TASK_ENTITY',422,NULL,'2026-08-01 13:28:22.869000','2026-08-01 15:32:34.397000',24)
COMMIT
INSERT INTO FLOWCHART_ENTRIES_RAW_LOG VALUES(228,422,313,'2026-08-01 15:32:34.397000')
COMMIT
INSERT INTO FLOWCHART_ENTRIES_RAW_LOG VALUES(229,422,NULL,'2026-08-01 15:32:34.397000')
COMMIT
INSERT INTO DESTROYED_AGENTS_RAW_LOG VALUES(422,'2026-08-01 15:32:34.397000',5)
COMMIT
INSERT INTO FLOWCHART_PROCESS_STATES_RAW_LOG VALUES(423,251,'WAIT','2026-08-01 15:00:52.813000','2026-08-01 15:32:34.397000',87)
COMMIT
INSERT INTO FLOWCHART_ENTRIES_RAW_LOG VALUES(230,423,257,'2026-08-01 15:32:34.397000')
COMMIT
INSERT INTO FLOWCHART_ENTRIES_RAW_LOG VALUES(231,407,265,'2026-08-01 15:32:34.397000')
COMMIT
INSERT INTO FLOWCHART_ENTRIES_RAW_LOG VALUES(232,407,276,'2026-08-01 15:32:34.397000')
COMMIT
INSERT INTO FLOWCHART_ENTRIES_RAW_LOG VALUES(233,407,269,'2026-08-01 15:32:34.397000')
COMMIT
INSERT INTO AGENT_MOVEMENT_RAW_LOG VALUES(407,10.0E0,'2026-08-01 15:32:34.397000','2026-08-01 15:32:36.706000',19)
COMMIT
INSERT INTO FLOWCHART_PROCESS_STATES_RAW_LOG VALUES(407,269,'MOVE','2026-08-01 15:32:34.397000','2026-08-01 15:32:36.706000',88)
COMMIT
INSERT INTO FLOWCHART_ENTRIES_RAW_LOG VALUES(234,407,300,'2026-08-01 15:32:36.706000')
COMMIT
INSERT INTO FLOWCHART_ENTRIES_RAW_LOG VALUES(235,407,283,'2026-08-01 15:32:36.706000')
COMMIT
INSERT INTO FLOWCHART_ENTRIES_RAW_LOG VALUES(236,407,NULL,'2026-08-01 15:32:36.706000')
COMMIT
INSERT INTO RESOURCE_UNIT_STATES_RAW_LOG VALUES(407,223,'USAGE_BUSY','TASK_WRAP_UP',422,NULL,'2026-08-01 15:32:34.397000','2026-08-01 15:32:36.706000',25)
COMMIT
INSERT INTO FLOWCHART_ENTRIES_RAW_LOG VALUES(237,407,216,'2026-08-01 15:32:36.706000')
COMMIT
INSERT INTO FLOWCHART_ENTRIES_RAW_LOG VALUES(238,415,216,'2026-08-01 15:32:36.706000')
COMMIT
INSERT INTO FLOWCHART_ENTRIES_RAW_LOG VALUES(239,407,209,'2026-08-01 15:32:36.706000')
COMMIT
INSERT INTO FLOWCHART_ENTRIES_RAW_LOG VALUES(240,407,202,'2026-08-01 15:32:36.706000')
COMMIT
INSERT INTO FLOWCHART_ENTRIES_RAW_LOG VALUES(241,415,209,'2026-08-01 15:32:36.706000')
COMMIT
INSERT INTO FLOWCHART_ENTRIES_RAW_LOG VALUES(242,415,202,'2026-08-01 15:32:36.706000')
COMMIT
INSERT INTO AGENT_MOVEMENT_RAW_LOG VALUES(407,10.0E0,'2026-08-01 15:32:36.706000','2026-08-01 15:32:39.061000',20)
COMMIT
INSERT INTO FLOWCHART_PROCESS_STATES_RAW_LOG VALUES(407,202,'MOVE','2026-08-01 15:32:36.706000','2026-08-01 15:32:39.061000',89)
COMMIT
INSERT INTO FLOWCHART_ENTRIES_RAW_LOG VALUES(243,407,190,'2026-08-01 15:32:39.061000')
COMMIT
INSERT INTO FLOWCHART_ENTRIES_RAW_LOG VALUES(244,407,NULL,'2026-08-01 15:32:39.061000')
COMMIT
INSERT INTO AGENT_MOVEMENT_RAW_LOG VALUES(415,1.0E0,'2026-08-01 15:32:36.706000','2026-08-01 15:33:38.629000',21)
COMMIT
INSERT INTO FLOWCHART_PROCESS_STATES_RAW_LOG VALUES(415,202,'MOVE','2026-08-01 15:32:36.706000','2026-08-01 15:33:38.629000',90)
COMMIT
INSERT INTO FLOWCHART_ENTRIES_RAW_LOG VALUES(245,415,190,'2026-08-01 15:33:38.629000')
COMMIT
INSERT INTO FLOWCHART_ENTRIES_RAW_LOG VALUES(246,415,NULL,'2026-08-01 15:33:38.629000')
COMMIT
INSERT INTO FLOWCHART_PROCESS_STATES_RAW_LOG VALUES(424,189,'WAIT','2026-08-01 14:57:34.908000','2026-08-01 15:33:38.629000',91)
COMMIT
INSERT INTO FLOWCHART_ENTRIES_RAW_LOG VALUES(247,424,237,'2026-08-01 15:33:38.629000')
COMMIT
INSERT INTO FLOWCHART_ENTRIES_RAW_LOG VALUES(248,424,231,'2026-08-01 15:33:38.629000')
COMMIT
INSERT INTO AGENTS_RAW_LOG VALUES(425,22,'<population>[14]','2026-08-01 15:39:45.037000',85)
COMMIT
DELETE FROM AGENTS_RAW_LOG WHERE ID=425
INSERT INTO AGENTS_RAW_LOG VALUES(425,22,'root.<population>[14]','2026-08-01 15:39:45.037000',85)
COMMIT
INSERT INTO AGENT_PARAMETERS_RAW_LOG VALUES(425,'tipo','0.0',361)
COMMIT
INSERT INTO FLOWCHART_ENTRIES_RAW_LOG VALUES(249,425,1,'2026-08-01 15:39:45.037000')
COMMIT
INSERT INTO FLOWCHART_ENTRIES_RAW_LOG VALUES(250,425,6,'2026-08-01 15:39:45.037000')
COMMIT
INSERT INTO FLOWCHART_ENTRIES_RAW_LOG VALUES(251,425,40,'2026-08-01 15:39:45.037000')
COMMIT
INSERT INTO FLOWCHART_PROCESS_STATES_RAW_LOG VALUES(424,231,'WORK','2026-08-01 15:33:38.629000','2026-08-01 15:41:24.476000',92)
COMMIT
INSERT INTO FLOWCHART_ENTRIES_RAW_LOG VALUES(252,424,239,'2026-08-01 15:41:24.476000')
COMMIT
INSERT INTO FLOWCHART_PROCESS_STATES_RAW_LOG VALUES(425,40,'WORK','2026-08-01 15:39:45.037000','2026-08-01 15:42:19.808000',93)
COMMIT
INSERT INTO FLOWCHART_ENTRIES_RAW_LOG VALUES(253,425,134,'2026-08-01 15:42:19.808000')
COMMIT
INSERT INTO RESOURCE_UNIT_STATES_RAW_LOG VALUES(405,131,'USAGE_BUSY','TASK_ENTITY',425,NULL,'2026-08-01 15:39:45.037000','2026-08-01 15:42:19.808000',26)
COMMIT
INSERT INTO FLOWCHART_ENTRIES_RAW_LOG VALUES(254,425,46,'2026-08-01 15:42:19.808000')
COMMIT
INSERT INTO FLOWCHART_PROCESS_STATES_RAW_LOG VALUES(425,46,'WORK','2026-08-01 15:42:19.808000','2026-08-01 15:42:20.767000',94)
COMMIT
INSERT INTO FLOWCHART_ENTRIES_RAW_LOG VALUES(255,425,229,'2026-08-01 15:42:20.767000')
COMMIT
INSERT INTO FLOWCHART_ENTRIES_RAW_LOG VALUES(256,425,178,'2026-08-01 15:42:20.767000')
COMMIT
INSERT INTO FLOWCHART_ENTRIES_RAW_LOG VALUES(257,425,189,'2026-08-01 15:42:20.767000')
COMMIT
INSERT INTO FLOWCHART_PROCESS_STATES_RAW_LOG VALUES(423,257,'WORK','2026-08-01 15:32:34.397000','2026-08-01 15:44:57.451000',95)
COMMIT
INSERT INTO FLOWCHART_ENTRIES_RAW_LOG VALUES(258,423,263,'2026-08-01 15:44:57.451000')
COMMIT
INSERT INTO RESOURCE_UNIT_STATES_RAW_LOG VALUES(406,223,'USAGE_BUSY','TASK_ENTITY',423,NULL,'2026-08-01 14:37:18.453000','2026-08-01 15:44:57.451000',27)
COMMIT
INSERT INTO RESOURCE_UNIT_STATES_RAW_LOG VALUES(414,226,'USAGE_BUSY','TASK_ENTITY',423,NULL,'2026-08-01 14:37:18.453000','2026-08-01 15:44:57.451000',28)
COMMIT
INSERT INTO FLOWCHART_ENTRIES_RAW_LOG VALUES(259,423,313,'2026-08-01 15:44:57.451000')
COMMIT
INSERT INTO FLOWCHART_ENTRIES_RAW_LOG VALUES(260,423,NULL,'2026-08-01 15:44:57.451000')
COMMIT
INSERT INTO DESTROYED_AGENTS_RAW_LOG VALUES(423,'2026-08-01 15:44:57.451000',6)
COMMIT
INSERT INTO FLOWCHART_ENTRIES_RAW_LOG VALUES(261,406,265,'2026-08-01 15:44:57.451000')
COMMIT
INSERT INTO FLOWCHART_ENTRIES_RAW_LOG VALUES(262,406,276,'2026-08-01 15:44:57.451000')
COMMIT
INSERT INTO FLOWCHART_ENTRIES_RAW_LOG VALUES(263,406,269,'2026-08-01 15:44:57.451000')
COMMIT
INSERT INTO AGENT_MOVEMENT_RAW_LOG VALUES(406,10.0E0,'2026-08-01 15:44:57.451000','2026-08-01 15:44:59.341000',22)
COMMIT
INSERT INTO FLOWCHART_PROCESS_STATES_RAW_LOG VALUES(406,269,'MOVE','2026-08-01 15:44:57.451000','2026-08-01 15:44:59.341000',96)
COMMIT
INSERT INTO FLOWCHART_ENTRIES_RAW_LOG VALUES(264,406,300,'2026-08-01 15:44:59.341000')
COMMIT
INSERT INTO FLOWCHART_ENTRIES_RAW_LOG VALUES(265,406,283,'2026-08-01 15:44:59.341000')
COMMIT
INSERT INTO FLOWCHART_ENTRIES_RAW_LOG VALUES(266,406,NULL,'2026-08-01 15:44:59.341000')
COMMIT
INSERT INTO RESOURCE_UNIT_STATES_RAW_LOG VALUES(406,223,'USAGE_BUSY','TASK_WRAP_UP',423,NULL,'2026-08-01 15:44:57.451000','2026-08-01 15:44:59.341000',29)
COMMIT
INSERT INTO FLOWCHART_ENTRIES_RAW_LOG VALUES(267,406,216,'2026-08-01 15:44:59.341000')
COMMIT
INSERT INTO FLOWCHART_ENTRIES_RAW_LOG VALUES(268,416,216,'2026-08-01 15:44:59.341000')
COMMIT
INSERT INTO FLOWCHART_ENTRIES_RAW_LOG VALUES(269,406,209,'2026-08-01 15:44:59.341000')
COMMIT
INSERT INTO FLOWCHART_ENTRIES_RAW_LOG VALUES(270,406,202,'2026-08-01 15:44:59.341000')
COMMIT
INSERT INTO FLOWCHART_ENTRIES_RAW_LOG VALUES(271,416,209,'2026-08-01 15:44:59.341000')
COMMIT
INSERT INTO FLOWCHART_ENTRIES_RAW_LOG VALUES(272,416,202,'2026-08-01 15:44:59.341000')
COMMIT
INSERT INTO AGENT_MOVEMENT_RAW_LOG VALUES(406,10.0E0,'2026-08-01 15:44:59.341000','2026-08-01 15:45:01.286000',23)
COMMIT
INSERT INTO FLOWCHART_PROCESS_STATES_RAW_LOG VALUES(406,202,'MOVE','2026-08-01 15:44:59.341000','2026-08-01 15:45:01.286000',97)
COMMIT
INSERT INTO FLOWCHART_ENTRIES_RAW_LOG VALUES(273,406,190,'2026-08-01 15:45:01.286000')
COMMIT
INSERT INTO FLOWCHART_ENTRIES_RAW_LOG VALUES(274,406,NULL,'2026-08-01 15:45:01.286000')
COMMIT
INSERT INTO AGENT_MOVEMENT_RAW_LOG VALUES(416,1.0E0,'2026-08-01 15:44:59.341000','2026-08-01 15:46:01.627000',24)
COMMIT
INSERT INTO FLOWCHART_PROCESS_STATES_RAW_LOG VALUES(416,202,'MOVE','2026-08-01 15:44:59.341000','2026-08-01 15:46:01.627000',98)
COMMIT
INSERT INTO FLOWCHART_ENTRIES_RAW_LOG VALUES(275,416,190,'2026-08-01 15:46:01.627000')
COMMIT
INSERT INTO FLOWCHART_ENTRIES_RAW_LOG VALUES(276,416,NULL,'2026-08-01 15:46:01.627000')
COMMIT
INSERT INTO FLOWCHART_PROCESS_STATES_RAW_LOG VALUES(425,189,'WAIT','2026-08-01 15:42:20.767000','2026-08-01 15:46:01.627000',99)
COMMIT
INSERT INTO FLOWCHART_ENTRIES_RAW_LOG VALUES(277,425,237,'2026-08-01 15:46:01.627000')
COMMIT
INSERT INTO FLOWCHART_ENTRIES_RAW_LOG VALUES(278,425,231,'2026-08-01 15:46:01.627000')
COMMIT
INSERT INTO FLOWCHART_PROCESS_STATES_RAW_LOG VALUES(424,239,'WORK','2026-08-01 15:41:24.476000','2026-08-01 15:46:04.910000',100)
COMMIT
INSERT INTO FLOWCHART_ENTRIES_RAW_LOG VALUES(279,424,245,'2026-08-01 15:46:04.910000')
COMMIT
INSERT INTO FLOWCHART_PROCESS_STATES_RAW_LOG VALUES(425,231,'WORK','2026-08-01 15:46:01.627000','2026-08-01 15:49:08.847000',101)
COMMIT
INSERT INTO FLOWCHART_ENTRIES_RAW_LOG VALUES(280,425,239,'2026-08-01 15:49:08.847000')
COMMIT
INSERT INTO FLOWCHART_PROCESS_STATES_RAW_LOG VALUES(424,245,'WORK','2026-08-01 15:46:04.910000','2026-08-01 15:57:19.230000',102)
COMMIT
INSERT INTO FLOWCHART_ENTRIES_RAW_LOG VALUES(281,424,307,'2026-08-01 15:57:19.230000')
COMMIT
INSERT INTO FLOWCHART_PROCESS_STATES_RAW_LOG VALUES(425,239,'WORK','2026-08-01 15:49:08.847000','2026-08-01 15:57:55.646000',103)
COMMIT
INSERT INTO FLOWCHART_ENTRIES_RAW_LOG VALUES(282,425,245,'2026-08-01 15:57:55.646000')
COMMIT
INSERT INTO FLOWCHART_PROCESS_STATES_RAW_LOG VALUES(424,307,'WORK','2026-08-01 15:57:19.230000','2026-08-01 16:03:58.828000',104)
COMMIT
INSERT INTO FLOWCHART_ENTRIES_RAW_LOG VALUES(283,424,251,'2026-08-01 16:03:58.828000')
COMMIT
INSERT INTO FLOWCHART_PROCESS_STATES_RAW_LOG VALUES(425,245,'WORK','2026-08-01 15:57:55.646000','2026-08-01 16:04:26.964000',105)
COMMIT
INSERT INTO FLOWCHART_ENTRIES_RAW_LOG VALUES(284,425,307,'2026-08-01 16:04:26.964000')
COMMIT
INSERT INTO FLOWCHART_PROCESS_STATES_RAW_LOG VALUES(424,251,'WORK','2026-08-01 16:03:58.828000','2026-08-01 16:11:25.153000',106)
COMMIT
INSERT INTO FLOWCHART_ENTRIES_RAW_LOG VALUES(285,424,257,'2026-08-01 16:11:25.153000')
COMMIT
INSERT INTO FLOWCHART_PROCESS_STATES_RAW_LOG VALUES(425,307,'WORK','2026-08-01 16:04:26.964000','2026-08-01 16:15:38.870000',107)
COMMIT
INSERT INTO FLOWCHART_ENTRIES_RAW_LOG VALUES(286,425,251,'2026-08-01 16:15:38.870000')
COMMIT
INSERT INTO FLOWCHART_PROCESS_STATES_RAW_LOG VALUES(424,257,'WORK','2026-08-01 16:11:25.153000','2026-08-01 16:23:09.165000',108)
COMMIT
INSERT INTO FLOWCHART_ENTRIES_RAW_LOG VALUES(287,424,263,'2026-08-01 16:23:09.165000')
COMMIT
INSERT INTO RESOURCE_UNIT_STATES_RAW_LOG VALUES(407,223,'USAGE_BUSY','TASK_ENTITY',424,NULL,'2026-08-01 15:32:36.706000','2026-08-01 16:23:09.165000',30)
COMMIT
INSERT INTO RESOURCE_UNIT_STATES_RAW_LOG VALUES(415,226,'USAGE_BUSY','TASK_ENTITY',424,NULL,'2026-08-01 15:32:36.706000','2026-08-01 16:23:09.165000',31)
COMMIT
INSERT INTO FLOWCHART_ENTRIES_RAW_LOG VALUES(288,424,313,'2026-08-01 16:23:09.165000')
COMMIT
INSERT INTO FLOWCHART_ENTRIES_RAW_LOG VALUES(289,424,NULL,'2026-08-01 16:23:09.165000')
COMMIT
INSERT INTO DESTROYED_AGENTS_RAW_LOG VALUES(424,'2026-08-01 16:23:09.165000',7)
COMMIT
INSERT INTO FLOWCHART_ENTRIES_RAW_LOG VALUES(290,407,265,'2026-08-01 16:23:09.165000')
COMMIT
INSERT INTO FLOWCHART_ENTRIES_RAW_LOG VALUES(291,407,276,'2026-08-01 16:23:09.165000')
COMMIT
INSERT INTO FLOWCHART_ENTRIES_RAW_LOG VALUES(292,407,269,'2026-08-01 16:23:09.165000')
COMMIT
INSERT INTO AGENT_MOVEMENT_RAW_LOG VALUES(407,10.0E0,'2026-08-01 16:23:09.165000','2026-08-01 16:23:11.520000',25)
COMMIT
INSERT INTO FLOWCHART_PROCESS_STATES_RAW_LOG VALUES(407,269,'MOVE','2026-08-01 16:23:09.165000','2026-08-01 16:23:11.520000',109)
COMMIT
INSERT INTO FLOWCHART_ENTRIES_RAW_LOG VALUES(293,407,300,'2026-08-01 16:23:11.520000')
COMMIT
INSERT INTO FLOWCHART_ENTRIES_RAW_LOG VALUES(294,407,283,'2026-08-01 16:23:11.520000')
COMMIT
INSERT INTO FLOWCHART_ENTRIES_RAW_LOG VALUES(295,407,NULL,'2026-08-01 16:23:11.520000')
COMMIT
INSERT INTO RESOURCE_UNIT_STATES_RAW_LOG VALUES(407,223,'USAGE_BUSY','TASK_WRAP_UP',424,NULL,'2026-08-01 16:23:09.165000','2026-08-01 16:23:11.520000',32)
COMMIT
INSERT INTO FLOWCHART_PROCESS_STATES_RAW_LOG VALUES(425,251,'WORK','2026-08-01 16:15:38.870000','2026-08-01 16:25:23.908000',110)
COMMIT
INSERT INTO FLOWCHART_ENTRIES_RAW_LOG VALUES(296,425,257,'2026-08-01 16:25:23.908000')
COMMIT
INSERT INTO FLOWCHART_PROCESS_STATES_RAW_LOG VALUES(425,257,'WORK','2026-08-01 16:25:23.908000','2026-08-01 16:44:25.305000',111)
COMMIT
INSERT INTO FLOWCHART_ENTRIES_RAW_LOG VALUES(297,425,263,'2026-08-01 16:44:25.305000')
COMMIT
INSERT INTO RESOURCE_UNIT_STATES_RAW_LOG VALUES(406,223,'USAGE_BUSY','TASK_ENTITY',425,NULL,'2026-08-01 15:44:59.341000','2026-08-01 16:44:25.305000',33)
COMMIT
INSERT INTO RESOURCE_UNIT_STATES_RAW_LOG VALUES(416,226,'USAGE_BUSY','TASK_ENTITY',425,NULL,'2026-08-01 15:44:59.341000','2026-08-01 16:44:25.305000',34)
COMMIT
INSERT INTO FLOWCHART_ENTRIES_RAW_LOG VALUES(298,425,313,'2026-08-01 16:44:25.305000')
COMMIT
INSERT INTO FLOWCHART_ENTRIES_RAW_LOG VALUES(299,425,NULL,'2026-08-01 16:44:25.305000')
COMMIT
INSERT INTO DESTROYED_AGENTS_RAW_LOG VALUES(425,'2026-08-01 16:44:25.305000',8)
COMMIT
INSERT INTO FLOWCHART_ENTRIES_RAW_LOG VALUES(300,406,265,'2026-08-01 16:44:25.305000')
COMMIT
INSERT INTO FLOWCHART_ENTRIES_RAW_LOG VALUES(301,406,276,'2026-08-01 16:44:25.305000')
COMMIT
INSERT INTO FLOWCHART_ENTRIES_RAW_LOG VALUES(302,406,269,'2026-08-01 16:44:25.305000')
COMMIT
INSERT INTO AGENT_MOVEMENT_RAW_LOG VALUES(406,10.0E0,'2026-08-01 16:44:25.305000','2026-08-01 16:44:27.251000',26)
COMMIT
INSERT INTO FLOWCHART_PROCESS_STATES_RAW_LOG VALUES(406,269,'MOVE','2026-08-01 16:44:25.305000','2026-08-01 16:44:27.251000',112)
COMMIT
INSERT INTO FLOWCHART_ENTRIES_RAW_LOG VALUES(303,406,300,'2026-08-01 16:44:27.251000')
COMMIT
INSERT INTO FLOWCHART_ENTRIES_RAW_LOG VALUES(304,406,283,'2026-08-01 16:44:27.251000')
COMMIT
INSERT INTO FLOWCHART_ENTRIES_RAW_LOG VALUES(305,406,NULL,'2026-08-01 16:44:27.251000')
COMMIT
INSERT INTO RESOURCE_UNIT_STATES_RAW_LOG VALUES(406,223,'USAGE_BUSY','TASK_WRAP_UP',425,NULL,'2026-08-01 16:44:25.305000','2026-08-01 16:44:27.251000',35)
COMMIT
INSERT INTO STATISTICS_RAW_LOG VALUES(40,'statsUtilization',0.0286443882063977E0,0.16680493766875992E0,0.0E0,1.0E0,0.010650338978290791E0,19,0)
COMMIT
INSERT INTO RESOURCE_POOL_UTILIZATION_RAW_LOG VALUES(131,0.019454032852217105E0,1,0)
COMMIT
INSERT INTO RESOURCE_UNIT_UTILIZATION_RAW_LOG VALUES(405,131,0.019454032852217105E0,0)
COMMIT
INSERT INTO STATISTICS_RAW_LOG VALUES(178,'statsSize',0.0E0,0.0E0,0.0E0,1.0E0,0.0E0,19,1)
COMMIT
INSERT INTO RESOURCE_POOL_UTILIZATION_RAW_LOG VALUES(223,0.2569110119172051E0,2,1)
COMMIT
INSERT INTO RESOURCE_UNIT_UTILIZATION_RAW_LOG VALUES(406,223,0.27675558182274634E0,1)
COMMIT
INSERT INTO RESOURCE_UNIT_UTILIZATION_RAW_LOG VALUES(407,223,0.23706644201166382E0,2)
COMMIT
INSERT INTO RESOURCE_POOL_UTILIZATION_RAW_LOG VALUES(226,0.05706614945855523E0,9,2)
COMMIT
INSERT INTO RESOURCE_UNIT_UTILIZATION_RAW_LOG VALUES(408,226,0.042624937687405606E0,3)
COMMIT
INSERT INTO RESOURCE_UNIT_UTILIZATION_RAW_LOG VALUES(409,226,0.05133773015159268E0,4)
COMMIT
INSERT INTO RESOURCE_UNIT_UTILIZATION_RAW_LOG VALUES(410,226,0.06398681824116277E0,5)
COMMIT
INSERT INTO RESOURCE_UNIT_UTILIZATION_RAW_LOG VALUES(411,226,0.059682549970309515E0,6)
COMMIT
INSERT INTO RESOURCE_UNIT_UTILIZATION_RAW_LOG VALUES(412,226,0.07843840057240176E0,7)
COMMIT
INSERT INTO RESOURCE_UNIT_UTILIZATION_RAW_LOG VALUES(413,226,0.08950784767517452E0,8)
COMMIT
INSERT INTO RESOURCE_UNIT_UTILIZATION_RAW_LOG VALUES(414,226,0.04875672562500218E0,9)
COMMIT
INSERT INTO RESOURCE_UNIT_UTILIZATION_RAW_LOG VALUES(415,226,0.03642593193915705E0,10)
COMMIT
INSERT INTO RESOURCE_UNIT_UTILIZATION_RAW_LOG VALUES(416,226,0.042834403264791E0,11)
COMMIT
INSERT INTO STATISTICS_RAW_LOG VALUES(231,'statsUtilization',0.08671558682169297E0,0.2814178278358754E0,0.0E0,1.0E0,0.01790361924029847E0,19,2)
COMMIT
INSERT INTO AGENT_ELEMENTS_RAW_LOG VALUES(0,237,'distribution',0)
COMMIT
INSERT INTO HISTOGRAMS_RAW_LOG VALUES(0,1.0E0,4.6E0,0.6666666666666666E0,0.6666666666666666E0,0)
COMMIT
INSERT INTO HISTOGRAMS_RAW_LOG VALUES(0,4.6E0,8.2E0,0.0E0,0.6666666666666666E0,1)
COMMIT
INSERT INTO HISTOGRAMS_RAW_LOG VALUES(0,8.2E0,11.8E0,0.0E0,0.6666666666666666E0,2)
COMMIT
INSERT INTO HISTOGRAMS_RAW_LOG VALUES(0,11.8E0,15.4E0,0.0E0,0.6666666666666666E0,3)
COMMIT
INSERT INTO HISTOGRAMS_RAW_LOG VALUES(0,15.4E0,19.0E0,0.0E0,0.6666666666666666E0,4)
COMMIT
INSERT INTO HISTOGRAMS_RAW_LOG VALUES(0,19.0E0,22.6E0,0.0E0,0.6666666666666666E0,5)
COMMIT
INSERT INTO HISTOGRAMS_RAW_LOG VALUES(0,22.6E0,26.2E0,0.0E0,0.6666666666666666E0,6)
COMMIT
INSERT INTO HISTOGRAMS_RAW_LOG VALUES(0,26.2E0,29.8E0,0.0E0,0.6666666666666666E0,7)
COMMIT
INSERT INTO HISTOGRAMS_RAW_LOG VALUES(0,29.8E0,33.4E0,0.0E0,0.6666666666666666E0,8)
COMMIT
INSERT INTO HISTOGRAMS_RAW_LOG VALUES(0,33.4E0,37.0E0,0.2222222222222222E0,0.8888888888888888E0,9)
COMMIT
INSERT INTO HISTOGRAMS_RAW_LOG VALUES(0,37.0E0,40.6E0,0.0E0,0.8888888888888888E0,10)
COMMIT
INSERT INTO HISTOGRAMS_RAW_LOG VALUES(0,40.6E0,44.2E0,0.0E0,0.8888888888888888E0,11)
COMMIT
INSERT INTO HISTOGRAMS_RAW_LOG VALUES(0,44.2E0,47.800000000000004E0,0.1111111111111111E0,1.0E0,12)
COMMIT
INSERT INTO HISTOGRAMS_RAW_LOG VALUES(0,47.800000000000004E0,51.4E0,0.0E0,0.0E0,13)
COMMIT
INSERT INTO HISTOGRAMS_RAW_LOG VALUES(0,51.4E0,55.0E0,0.0E0,0.0E0,14)
COMMIT
INSERT INTO HISTOGRAMS_RAW_LOG VALUES(0,55.0E0,58.6E0,0.0E0,0.0E0,15)
COMMIT
INSERT INTO HISTOGRAMS_RAW_LOG VALUES(0,58.6E0,62.2E0,0.0E0,0.0E0,16)
COMMIT
INSERT INTO HISTOGRAMS_RAW_LOG VALUES(0,62.2E0,65.8E0,0.0E0,0.0E0,17)
COMMIT
INSERT INTO HISTOGRAMS_RAW_LOG VALUES(0,65.8E0,69.4E0,0.0E0,0.0E0,18)
COMMIT
INSERT INTO HISTOGRAMS_RAW_LOG VALUES(0,69.4E0,73.0E0,0.0E0,0.0E0,19)
COMMIT
INSERT INTO STATISTICS_RAW_LOG VALUES(237,'distribution',14.792552206662966E0,19.208907517204917E0,1.0229182920828634E0,47.50046166067705E0,14.483516267972508E0,9,3)
COMMIT
INSERT INTO AGENT_ELEMENTS_RAW_LOG VALUES(1,237,'dataset',1)
COMMIT
INSERT INTO DATASETS_RAW_LOG VALUES(1,0,503.66405285469284E0,1.0306113304045539E0,0)
COMMIT
INSERT INTO DATASETS_RAW_LOG VALUES(1,1,516.0515861341647E0,2.4582434165752147E0,1)
COMMIT
INSERT INTO DATASETS_RAW_LOG VALUES(1,2,562.8416244943983E0,36.41743259124519E0,2)
COMMIT
INSERT INTO DATASETS_RAW_LOG VALUES(1,3,585.8910129770668E0,3.935833201994228E0,3)
COMMIT
INSERT INTO DATASETS_RAW_LOG VALUES(1,4,769.4662857812854E0,1.0229182920828634E0,4)
COMMIT
INSERT INTO DATASETS_RAW_LOG VALUES(1,5,809.4056087671461E0,1.0244519240899308E0,5)
COMMIT
INSERT INTO DATASETS_RAW_LOG VALUES(1,6,878.3363557041382E0,47.50046166067705E0,6)
COMMIT
INSERT INTO DATASETS_RAW_LOG VALUES(1,7,933.6438172147647E0,36.06201044142131E0,7)
COMMIT
INSERT INTO DATASETS_RAW_LOG VALUES(1,8,946.0271329822502E0,3.6810070014763596E0,8)
COMMIT
INSERT INTO STATISTICS_RAW_LOG VALUES(239,'statsUtilization',0.06615566943059774E0,0.24855401190241772E0,0.0E0,1.0E0,0.01574021069950648E0,19,4)
COMMIT
INSERT INTO STATISTICS_RAW_LOG VALUES(245,'statsUtilization',0.11021868668906808E0,0.31316214297645417E0,0.0E0,1.0E0,0.019764489527226786E0,19,5)
COMMIT
INSERT INTO STATISTICS_RAW_LOG VALUES(251,'statsUtilization',0.15717134672639727E0,0.363962243226695E0,0.0E0,1.0E0,0.022725134522980674E0,19,6)
COMMIT
INSERT INTO STATISTICS_RAW_LOG VALUES(257,'statsUtilization',0.21324018921251656E0,0.40959591174366805E0,0.0E0,1.0E0,0.025331075534748893E0,19,7)
COMMIT
INSERT INTO STATISTICS_RAW_LOG VALUES(307,'statsUtilization',0.08289753368661364E0,0.2757272793818022E0,0.0E0,1.0E0,0.01730171933452463E0,19,8)
COMMIT
DISCONNECT
